customer_id,name,email,city,signup_date
1,Michael Ochoa,hburns@example.org,Johnsonmouth,2026-02-18
2,Todd Roberts,shawn45@example.com,Lake Mark,2025-10-17
3,Sara Johnson,cunninghamjessica@example.org,Kirkfort,2026-02-25
4,Sandra Saunders,crystalwu@example.com,New Thomasstad,2024-09-02
5,Alan Wagner,wbridges@example.org,Williamsville,2024-04-30
6,Andrew Phillips,christopher25@example.com,Lake Tiffanyfurt,2025-11-30
7,Jennifer Davis,sanchezcasey@example.org,West Raybury,2024-05-11
8,Faith Holmes,knightzachary@example.org,South Andrew,2025-04-24
9,Meghan Branch,markcook@example.com,West Charleston,2024-12-04
10,Julie Leon,adamsamber@example.org,New Carrie,2026-02-20
11,David Mcintosh,rogersmegan@example.com,New Tammy,2025-06-19
12,Lance Kane,hayesrodney@example.org,Port Jerry,2025-01-28
13,Ryan Jackson,olee@example.net,Port Stephanieland,2025-10-15
14,Eric Pearson,hernandezdanielle@example.net,Port Mollyburgh,2025-01-05
15,Alyssa Mason,daviscasey@example.net,Christinefurt,2025-07-17
16,Michael Rodriguez,careygrant@example.com,Cindychester,2024-07-29
17,Jeffery Perez,dennisadkins@example.org,Cartershire,2025-06-03
18,Courtney Ayers,reedbrent@example.net,Port Benjaminville,2025-04-26
19,James Wright,gillkenneth@example.net,Bennettshire,2024-05-18
20,Emily Williams,samuelhawkins@example.com,Ayalamouth,2024-06-02
21,Stephanie Carter,ygarcia@example.net,New Kimberlyhaven,2025-12-16
22,Kenneth Reid,johnreed@example.org,West Kelliton,2024-03-31
23,James Cardenas,andrew46@example.net,New Patrick,2025-01-16
24,Sara Harrison,travisschwartz@example.org,Joshuaport,2025-07-22
25,Timothy Zamora,meyersjames@example.org,New Kimberly,2025-10-27
26,Elizabeth Sutton,deborahmorris@example.net,Campbellmouth,2025-03-21
27,Jacqueline Lee PhD,jonathan78@example.com,Rachelfurt,2024-05-03
28,Laura Stanton,ibarron@example.net,Goldenburgh,2024-11-10
29,Marissa Larson,vgoodman@example.com,Spencerberg,2025-01-20
30,Michael Reed,garciachris@example.org,South Debra,2024-09-21
31,Katherine Wilson,ymoore@example.org,Joannabury,2025-07-10
32,Dr. Summer Lopez MD,bkelley@example.net,Brianchester,2025-04-28
33,Frederick Maldonado,morgankarina@example.net,New Kevinburgh,2024-09-21
34,Samuel Sanders,griggs@example.com,North Jenny,2025-07-29
35,Melissa Tanner,vcobb@example.org,Lake Travis,2026-01-26
36,Kimberly Garcia,josephvaldez@example.org,Millerhaven,2024-03-14
37,Jessica Chen,cwebb@example.org,Bradleyport,2025-06-29
38,Lisa Murray,katherine08@example.net,New Jamesmouth,2025-02-01
39,Daniel Shaw,tammygordon@example.com,Ethanchester,2025-11-02
40,Dr. Jesus Navarro,charles14@example.net,Kingview,2025-06-03
41,Karen Moore,kylegarner@example.com,Lake Tyler,2024-09-09
42,Dr. Todd Smith,kylewilson@example.org,West Yvetteville,2024-07-25
43,Kathryn Green,velezjudith@example.net,Port Pamela,2026-02-12
44,Jordan Deleon,mooreteresa@example.net,Erinshire,2025-11-26
45,Miss Kari Shepard,christina14@example.org,North Heather,2024-08-14
46,Jesse Young,xbennett@example.net,East William,2024-10-04
47,Brittany Maynard,robert50@example.net,Lisaberg,2025-08-10
48,Craig Manning,wintershannah@example.net,Port Daniel,2025-05-25
49,Allison Hogan,justin77@example.net,Port Donald,2025-04-13
50,John Powers,dustinfigueroa@example.org,Lake Madison,2024-03-21
51,Kristi Stone,markwade@example.org,South Jeffrey,2025-12-20
52,Shannon Williamson,perrylisa@example.com,Lukehaven,2026-02-26
53,Caroline Johnson,michellealvarez@example.org,North Steven,2024-06-01
54,Austin Harris,hgutierrez@example.com,North Lisaton,2024-04-02
55,Angela Spencer,carol88@example.com,Vincentfort,2025-10-03
56,Laura Walton,raymondcynthia@example.org,North Julieshire,2025-01-17
57,Anthony Ward,evanstimothy@example.org,West Stevenfurt,2024-08-16
58,Kevin Sosa,millererin@example.net,East Darylbury,2024-11-08
59,Jessica Powell,twatson@example.net,Figueroaview,2025-02-06
60,Nancy Potter,mary92@example.net,West Barryhaven,2024-04-07
61,Malik Adkins,whiteamanda@example.com,Castroport,2024-06-15
62,Kelly White,paulscott@example.net,North Robert,2025-09-24
63,Michael Vasquez,jeremyadams@example.com,South Steven,2024-03-08
64,Jerry Rocha,ucollier@example.org,Davidtown,2024-12-16
65,Alexandra Mitchell,hectortaylor@example.net,Schmidtton,2025-12-23
66,Robert Sandoval,michaelrodriguez@example.org,Gregorybury,2025-10-09
67,Sandra Ross,macklori@example.org,Lake Maryfurt,2024-04-04
68,Danielle Miller,mike15@example.com,Parsonsmouth,2024-04-24
69,Roger Lee,lopezbriana@example.org,New Melinda,2025-01-31
70,Amber Carter,christopher98@example.net,East Rebeccachester,2025-08-30
71,Sharon Santos,tmontoya@example.net,Weaverview,2025-12-02
72,Michelle Rubio,aarellano@example.net,South Sharonfurt,2025-01-27
73,David Stewart,manuelpham@example.com,Christopherhaven,2025-05-01
74,Sara Lam,crossmichael@example.com,Serranoton,2024-12-26
75,Laura Reed,susan86@example.com,Port Christinabury,2024-07-15
76,Lisa Eaton,ehunt@example.net,Williamsville,2024-09-08
77,Kimberly Ramirez,laura17@example.com,Drakefurt,2025-07-17
78,Justin Ingram,reidgeorge@example.net,Ashleybury,2025-12-23
79,Jeffrey Daniels,brentsimmons@example.net,Walkerview,2025-03-21
80,Kara Mitchell MD,bgarcia@example.net,North Amymouth,2026-03-02
81,Maureen Nelson,jessica93@example.com,Port Christine,2025-12-05
82,Michael Salinas,frank45@example.org,Kaneside,2025-03-31
83,Aaron Hicks,bryan33@example.org,Melissaside,2024-12-13
84,Gregory Miller,william87@example.com,New Donald,2024-10-12
85,Karen Munoz,michellenelson@example.com,Kingview,2024-06-01
86,Shannon Shepard,brandi96@example.net,Simpsonstad,2026-01-28
87,Todd James,amberwilliams@example.com,Antoniochester,2025-09-22
88,Kimberly Quinn,lking@example.net,Bensonberg,2024-06-13
89,Jennifer Marshall,dtucker@example.com,West Justinland,2024-09-22
90,Scott Henry,sandra00@example.net,New Richardmouth,2024-10-20
91,Heather Wise,brandon72@example.net,Brandifurt,2026-01-19
92,Thomas King,freemanjeffrey@example.org,Kathyton,2025-12-02
93,Jaime Dominguez,cuevasapril@example.org,Lake Patricia,2025-01-04
94,Robert Garcia,bradleypadilla@example.net,Gonzalezfurt,2024-03-12
95,Regina Travis,alexandra82@example.net,Lake Michellefort,2024-08-01
96,Rachel King,johnriley@example.com,West Emily,2025-07-24
97,Steven Morrow,charlespatrick@example.org,East Sandra,2025-12-10
98,Teresa Holland,melissa23@example.net,Beanfurt,2024-06-25
99,Emily Shaw,ewilliams@example.net,Aguirreview,2024-07-23
100,Jessica Reed,richard89@example.com,New Reneehaven,2024-12-31
101,Melissa Vazquez,rgonzalez@example.com,Cruzfort,2025-09-08
102,Alexander Thompson,hlee@example.com,Davidstad,2025-10-03
103,Brittany Perez,marquezbarbara@example.org,South Omar,2026-01-01
104,James Ball,dunnjacob@example.org,West Cindy,2024-10-24
105,Austin Hernandez,douglasbright@example.net,Benjaminburgh,2024-04-02
106,Megan Montes,mosspaul@example.com,Williamburgh,2025-12-26
107,Michael Davis,jamesolson@example.net,Jonesburgh,2025-10-20
108,Paul Snyder,asandoval@example.net,East Elizabethbury,2026-01-29
109,Jennifer Barker,bbrown@example.net,Hallfurt,2025-11-30
110,Jessica Cherry,hreyes@example.com,New Anthonyfort,2024-04-06
111,James Ellison,david21@example.com,Castroside,2025-07-18
112,Christina Davis,lauren88@example.org,Lake Justin,2024-04-13
113,Beth Moore,darrengutierrez@example.org,Port Kennethhaven,2024-10-22
114,Barbara Johnson,douglas91@example.net,West Deborah,2024-04-20
115,Angelica Pena,hoffmankrystal@example.net,North Melissaview,2025-07-09
116,Amanda Rodriguez,scott54@example.com,Port Stevenview,2024-07-08
117,Alyssa Morales,opowell@example.com,West Ana,2024-06-27
118,Shannon Paul,ugolden@example.com,Jamieview,2025-12-17
119,Ashley Guerrero,bethanymendoza@example.org,Cohenmouth,2025-03-09
120,Andrew Ryan,derrickwright@example.net,Henrytown,2025-03-07
121,Janice Richmond,olivia03@example.net,Davidbury,2025-11-09
122,Kimberly Carrillo,emilyjones@example.org,Katrinaburgh,2024-07-13
123,Amanda Simmons,sara03@example.net,Lake Donaldport,2024-12-11
124,Stephen Dixon,gbailey@example.org,Lake Angel,2025-10-29
125,Francisco Carlson,yrobles@example.org,Jamesport,2025-09-20
126,Joanna Carlson,samuelwong@example.net,Taylorstad,2025-01-28
127,Michael Everett,rhonda85@example.com,Johnsontown,2026-01-31
128,John Petersen,mgriffin@example.org,Roseview,2024-07-11
129,Matthew Mata,lisa09@example.com,Nortonfurt,2025-02-09
130,Monica Cummings,judy18@example.com,Curtisberg,2025-08-03
131,Adam Thomas,jamescruz@example.com,Michelleland,2024-11-01
132,Jeffrey Contreras,gabriellalambert@example.net,West Michelebury,2025-06-12
133,Michael Powell,jack55@example.net,Michelleberg,2025-05-04
134,Christine Cortez,brucejose@example.org,Philipburgh,2025-01-19
135,Gary Miller,gcalderon@example.net,South Jamesside,2026-02-01
136,Kevin Bishop,lori71@example.org,Lake Timothy,2024-10-08
137,Tiffany Gamble,silvamichael@example.net,Port Brian,2024-07-29
138,Patrick Garcia,tjordan@example.com,Timothyport,2025-12-08
139,Susan Bowman,danielbrown@example.net,Greenemouth,2025-05-13
140,Joseph Thomas,jonesjames@example.org,New Justin,2026-02-14
141,Earl Anderson,ethompson@example.com,Lake Shannon,2024-03-28
142,Joseph Riley,psmith@example.com,Rodriguezchester,2024-07-09
143,Katherine Warren DDS,mdavis@example.com,Port Jacquelinefort,2024-04-21
144,Ellen Thompson,jeffreyoconnell@example.com,New Paulborough,2024-07-30
145,Shawn Owens,peter26@example.com,South Christopherhaven,2025-03-25
146,Brian Bishop,oscar15@example.net,Darleneville,2025-07-03
147,Nicholas Rose,kimcowan@example.org,Turnerburgh,2024-05-18
148,Derrick Frey,xdaniels@example.com,Port Nicholasbury,2024-12-30
149,Valerie Mason,chapmanamy@example.com,East Jeremymouth,2024-11-14
150,Valerie Marshall,kaitlin12@example.net,Martinberg,2024-08-01
151,Jennifer Jackson,gregbeck@example.org,New Samuel,2024-04-29
152,Miguel Mullen,darleneporter@example.net,South Tylerport,2025-11-22
153,David Arnold,yburns@example.org,North Cherylberg,2025-01-30
154,Alan Rivera,paulandersen@example.org,West Williamville,2025-10-22
155,Natalie Evans,mariagill@example.org,Loriville,2024-04-10
156,Sarah Scott,michellepatrick@example.com,Port Susanside,2025-11-12
157,Anthony Moses,aroberts@example.org,New Samuelstad,2026-02-09
158,Sherry Chang,saunderstammy@example.com,North Steven,2024-12-13
159,Kimberly Flores,oanderson@example.com,North Jennifer,2025-11-13
160,Diana Gordon,rjohnson@example.net,Dominicchester,2026-01-08
161,Anita Hodges MD,colemanwilliam@example.net,Bryantmouth,2026-01-26
162,Jeremy Wright,jilllewis@example.net,West Kiaraport,2024-03-12
163,Steven Warren,courtney76@example.org,Lake Joshuaburgh,2024-04-10
164,Aaron Kim,gford@example.com,Tiffanyberg,2024-06-02
165,Billy Valdez,dmartinez@example.org,Eatonmouth,2025-02-27
166,Melissa Alvarado,gabrielwilson@example.com,Guzmanport,2025-02-25
167,Rachel Bryan,tanya04@example.org,Lake Monicaside,2025-01-20
168,Stacey Sanchez,michaelfoster@example.org,West Lisamouth,2025-04-12
169,Javier Fuller,kscott@example.org,Christophershire,2025-05-06
170,Deborah Howard,tamara09@example.org,Ramirezhaven,2026-03-03
171,Jason Best,mary88@example.com,Blackburntown,2024-11-30
172,Carla Peterson,castilloterri@example.com,Samuelfurt,2025-11-04
173,Kelly Riley,laura78@example.net,Comptonmouth,2024-10-21
174,Alfred Fletcher,griffithjeffrey@example.org,Walkerland,2025-04-06
175,Jennifer Russell,edgarmeyer@example.net,New Taylorbury,2025-01-22
176,Caitlyn Evans,lindsey73@example.net,Hawkinsbury,2025-02-23
177,Jesse Barnett,matthew59@example.net,Reneetown,2025-03-15
178,Laura White,mortonlinda@example.org,New Kristine,2024-09-19
179,Ana Martinez,richardweaver@example.org,Joshuabury,2025-06-01
180,Ross Aguirre,saunderschristina@example.net,New Jamesmouth,2025-03-18
181,Stephanie Frederick,dixonclinton@example.com,North Dylanview,2025-11-04
182,Brandi Thompson,hrandolph@example.com,Bowmanland,2024-04-07
183,Luis Jones,lisa34@example.com,Wyattstad,2025-11-24
184,Amanda Gonzales,johnsongregory@example.net,East Kristenberg,2025-01-22
185,Erica Salas,mark77@example.org,New Shelby,2025-05-09
186,David Hernandez,ejarvis@example.com,Smithfurt,2025-05-12
187,Connor Adkins,danielbenjamin@example.com,New Joycebury,2025-09-03
188,Todd Nichols,ywilson@example.net,Port Suzannehaven,2025-12-24
189,Randy Warner,irwinwesley@example.com,Lake Julie,2025-10-08
190,Nicole Richards,sandovalrachel@example.org,Kathleenburgh,2024-06-24
191,Dillon Gibbs,avasquez@example.org,Michaelburgh,2025-10-15
192,Daniel Kane,gary92@example.net,South Jasonfurt,2025-04-21
193,Amanda Hill,jmoore@example.net,North Eric,2024-12-07
194,Robin Whitehead,nicholaswright@example.org,Daviston,2024-06-17
195,Samantha Riley,huangmary@example.net,Parkerberg,2024-11-01
196,Robert Conner,ppadilla@example.com,Bookerport,2024-09-23
197,Danielle Wilson,timothy98@example.net,East Ian,2024-06-17
198,Megan Roberts,brian43@example.net,Morrisonmouth,2024-04-24
199,Alexandra Rodriguez,kathy55@example.net,Edwinside,2025-09-21
200,Darren Kim MD,patricia69@example.org,Lake Devinland,2025-03-06
201,Stephanie Smith,abigail70@example.com,Robersonland,2025-07-25
202,Jennifer Ruiz,barkergeorge@example.org,Kennethshire,2024-03-16
203,Karen Anderson,lpadilla@example.com,Kellystad,2024-07-26
204,Danielle Davidson,paynesamantha@example.net,North Julia,2025-10-10
205,Victoria Johnson,haleykemp@example.net,Stevenberg,2025-03-20
206,Brian Lane,douglasdonovan@example.net,Heatherview,2024-04-02
207,Douglas Howard,chapmanmonica@example.com,Grahamfurt,2025-12-17
208,Katherine Cherry,johnhurst@example.com,Karenstad,2025-11-18
209,Jonathan Boyd,marymorris@example.com,North Samuel,2025-12-29
210,Stacy Moody,jameswolfe@example.org,South Carolyn,2024-11-24
211,Richard Reyes,mcmillanpaul@example.net,Port Karen,2024-12-08
212,Tanner Phillips,williamsroy@example.net,Port Peter,2024-04-04
213,Johnathan Ortega,jasminejohnson@example.org,Donnaland,2025-06-14
214,Jacob Russo,marcushall@example.net,Millerville,2026-03-02
215,Brian Williams,buckcorey@example.com,North Craigport,2025-09-29
216,Zachary Lyons,carlospatterson@example.com,North Autumnfurt,2026-02-24
217,Scott Diaz,maciasrobin@example.org,East Christopher,2025-09-16
218,Alejandra Goodman,heathdrew@example.org,Jimenezfort,2025-06-24
219,Erica Rodriguez,zunigarachael@example.net,Woodbury,2026-01-26
220,Kelly Meadows,lauraburns@example.org,Lake Melinda,2024-04-09
221,Wendy Ochoa,hicksdonald@example.com,Wrightbury,2025-06-21
222,Adam Murphy,mcasey@example.com,Bobbyfort,2025-03-21
223,Jillian Hampton,newmankathleen@example.net,Markborough,2024-05-05
224,Steven Fisher,kdavis@example.com,Dudleyfurt,2025-10-15
225,Deanna Huff,ruth23@example.org,East Lori,2025-02-12
226,Christian Orozco,michelleadams@example.org,Audreyburgh,2024-04-05
227,Monica Byrd,erik57@example.net,Christineborough,2025-10-05
228,Deborah Owens,martinezcindy@example.net,Marystad,2025-03-24
229,Amber Shields MD,henrystacy@example.net,Jamieton,2025-07-31
230,Daniel Kelly,marissa05@example.org,East Anthony,2025-11-07
231,Monique Rubio,hburns@example.net,South Courtney,2025-08-19
232,Mary Kennedy DDS,stephaniemcdonald@example.net,Ryanland,2025-11-29
233,Kimberly Garcia,hgonzalez@example.net,Aaronside,2025-08-08
234,Anna Burke,grahamkristina@example.net,Jessicafurt,2024-11-28
235,Ashley Nunez DVM,vanessa98@example.org,East Susan,2025-04-12
236,Dana Byrd,bwilliams@example.com,Navarrostad,2026-03-04
237,Teresa Sparks,icamacho@example.net,Grossville,2024-04-05
238,Michael Murphy,brianrobertson@example.net,South Davidfurt,2026-02-13
239,Seth Williams,robin12@example.org,West Maryport,2025-12-24
240,Kevin Sherman,sandramendoza@example.org,West Kristina,2024-11-20
241,Michelle Perez,jonathan80@example.net,South George,2025-09-26
242,Jamie Bowen,antoniogill@example.com,East Robertstad,2025-07-09
243,Gregory Martinez,kjohnson@example.net,Charlesfurt,2025-06-19
244,Mr. Paul Thompson,josechristian@example.net,Bradleytown,2025-05-30
245,Daniel Perry III,fieldsjames@example.net,Reyesville,2026-03-01
246,Andrew Parks,charlotte70@example.net,Elizabethberg,2025-07-29
247,Elizabeth Torres,kingalexander@example.org,Paulmouth,2025-04-12
248,David Anthony,bowersjose@example.net,Phillipsburgh,2025-11-22
249,Melinda Shaw,nwallace@example.net,Ashleyburgh,2024-07-19
250,Arthur Mcconnell,parcher@example.org,Oneillhaven,2024-10-06
251,Timothy Jefferson,ywright@example.net,West Oscar,2026-02-25
252,Joseph Richardson,jennifer95@example.org,New Bernard,2024-07-03
253,James Harrison,jose83@example.org,Taylorside,2025-06-02
254,Susan Salinas,whitelinda@example.net,Lake Aaron,2025-03-12
255,Jessica Taylor,griffinmatthew@example.net,South Kevintown,2025-03-22
256,James Stevenson,lmassey@example.com,Wolfeland,2026-02-25
257,Bethany Combs,jacksonstephen@example.org,New Jacqueline,2025-05-05
258,Courtney Vazquez,thomas35@example.net,Sarahtown,2025-09-25
259,Jessica Fields,wmoran@example.org,Kyliechester,2026-03-02
260,Jennifer Mcdonald,stephenconway@example.com,East Veronica,2024-04-12
261,Erica Hanson,darrell23@example.com,Chadtown,2025-03-29
262,Erika Reeves,steven28@example.net,Austinbury,2024-06-27
263,David Gomez,charles45@example.com,South Gregory,2024-07-21
264,Janet Davis,ianestrada@example.com,Port Gloria,2025-07-11
265,Chad Martin,slewis@example.com,Rodriguezshire,2024-10-16
266,Christian Lewis,stevenbrown@example.org,Kimberlymouth,2024-04-20
267,Thomas Griffin,rodriguezmeghan@example.com,New Petermouth,2025-05-19
268,Mike Flores,nunezcandice@example.net,North Jeanfort,2025-11-29
269,Garrett Burns,samanthajohnson@example.com,Maryville,2024-04-26
270,Russell Brooks,aowen@example.net,East Janicechester,2026-03-03
271,Linda Molina,jamesjames@example.net,Caldwellton,2025-01-01
272,Yesenia Smith,andrew02@example.net,Morseland,2024-09-05
273,Stephanie Paul,stacylarson@example.net,Michelleborough,2024-04-17
274,Jason Kaufman,warren87@example.org,Lake Davidmouth,2025-01-03
275,Jon Thompson,gdixon@example.com,North Kennethborough,2025-04-09
276,Austin Jefferson,james86@example.org,Guzmanport,2026-02-19
277,Joseph Mejia,waltersmary@example.org,West Stacyshire,2025-04-24
278,Lisa Green,christopher73@example.com,New Emily,2025-05-24
279,Emily Erickson,sheila37@example.org,Davidland,2024-04-09
280,Claudia Cook,reneemoore@example.net,Angelaton,2025-02-24
281,Virginia Charles,jodi67@example.org,Port Cory,2024-10-15
282,Elizabeth Sanchez,howardtimothy@example.org,South Scott,2025-08-27
283,Kevin Fuller,annfoley@example.org,Port Emilyland,2024-12-12
284,Wendy Jones,yrichardson@example.com,New Melanietown,2025-07-13
285,Michael Williams,jennifer92@example.com,South Amy,2024-12-13
286,Julie Reed,gina42@example.com,Tylermouth,2025-11-22
287,Monica Robinson,nicolegutierrez@example.com,North Jerry,2025-10-03
288,Meghan Garcia,dchase@example.com,Leahfurt,2025-03-11
289,Lisa Cooper,maryhart@example.com,Kingmouth,2024-11-08
290,Stephanie Medina,ghernandez@example.com,South Elizabeth,2025-10-13
291,Amanda Newman,saguilar@example.com,Robertshire,2025-01-21
292,Diana Weaver,morrowsean@example.org,East Lisa,2024-05-01
293,Jasmine Weiss,craigwarren@example.net,West Ryanburgh,2025-09-05
294,Jerry Gutierrez,mariemartin@example.org,South Rebecca,2025-07-15
295,James Salas,rbrewer@example.com,Leemouth,2024-06-21
296,Dr. Scott Allen,renee14@example.net,Michaelstad,2025-04-10
297,Annette Williams,nelsonmelissa@example.net,Youngview,2025-07-15
298,Pamela Aguirre,lynnrobinson@example.org,North Andrew,2025-05-26
299,Marc Miller,taylorharris@example.org,Port Nancyfort,2025-11-12
300,Eddie Brooks,ulindsey@example.org,Lake Tamara,2025-09-26
301,William Anderson,bryan28@example.org,North Aaronland,2024-05-11
302,Jacob Bishop,uhernandez@example.org,Johnsonport,2024-10-04
303,Kelly Lee,chad98@example.com,East Troy,2024-05-21
304,Leah Delgado,lisareynolds@example.net,North Colleenshire,2024-09-28
305,Mrs. Jessica Nichols,shauncooke@example.org,Haydenhaven,2024-09-16
306,Laura Fisher,jonesrandy@example.org,South Amy,2025-06-15
307,Clinton Washington,jordandavid@example.net,Onealshire,2026-02-09
308,Kenneth Howell,mathislindsey@example.org,Santanafurt,2024-08-09
309,Justin Mendoza,guzmanrodney@example.org,Fullerhaven,2025-05-09
310,Rachel Kennedy,vstevens@example.org,Stephenstown,2025-07-23
311,Scott Wells,christopheralexander@example.org,Leestad,2024-06-11
312,Heather Ramirez,brookebrown@example.net,Nolanburgh,2024-04-09
313,Mrs. Ashley Jones MD,billy60@example.org,Port Joshuafurt,2024-04-25
314,Taylor Lopez,sprice@example.net,Ashleyhaven,2024-11-13
315,Carolyn Santana,susangibbs@example.net,Brownmouth,2025-08-27
316,Eric Ball,fmoore@example.net,South Morganshire,2025-04-02
317,Guy Chang,shepherdheather@example.org,Curtishaven,2024-05-12
318,Chase Lopez,matthew73@example.org,West Thomas,2024-12-10
319,James Mcdonald,agriffin@example.org,East Charles,2024-11-08
320,Becky Anderson,sbarnes@example.net,West Tracychester,2025-10-13
321,Steven Tate,carlosperez@example.org,North Theresa,2024-06-09
322,Raymond Guerrero,tranmike@example.net,Troychester,2025-01-19
323,Timothy Chavez,annmartinez@example.com,New Catherine,2026-01-03
324,Meghan Kim,jimmyortiz@example.com,Terryfurt,2025-03-25
325,Brandon Orozco,ksanders@example.com,Colemanfort,2025-07-19
326,John Watson,joshua75@example.org,Williamschester,2025-09-11
327,Laura Walter,matthew61@example.com,Turnertown,2025-09-15
328,Denise Pope,billy59@example.org,Chasetown,2024-07-04
329,Jenna Cruz,williamsjanet@example.com,West Christiantown,2024-05-25
330,Mary Jones,jasonblack@example.net,East Jeffreyburgh,2025-06-14
331,Michael Johnson,nelsonjennifer@example.com,Henryton,2024-08-22
332,Robert Ford,adavenport@example.org,East Rebecca,2025-11-16
333,Wayne Brown,amber53@example.com,North Jeffreyfort,2025-07-31
334,William Patel,mayamanda@example.com,Jacobsonfurt,2025-05-08
335,Monique Cobb,kcharles@example.org,Barnettland,2025-01-19
336,Margaret Camacho,smithmadeline@example.com,West Levi,2024-05-14
337,Marie Chavez,kyu@example.net,East Alexander,2024-03-08
338,Mark Evans,lopezbeverly@example.org,Jacksonburgh,2025-01-17
339,Aaron Yoder,millernicholas@example.org,Ryanbury,2024-09-26
340,Jennifer King,qfields@example.org,South Bryceborough,2025-03-15
341,Amanda Chapman,ukelly@example.com,Port Edward,2026-01-13
342,Charles Martin,zscott@example.net,North Chadmouth,2024-09-06
343,Jacob Ho,smithmorgan@example.org,East Heather,2025-03-22
344,Warren Allen,christinahutchinson@example.net,South Brian,2024-03-20
345,Erin Conner,david80@example.org,Robinmouth,2025-11-20
346,Teresa Rodriguez,brent64@example.org,East Jeffrey,2025-04-01
347,Andrew Morgan,myersdaniel@example.net,Marcoport,2025-02-12
348,Steven Ramirez,urios@example.org,New Troy,2026-01-23
349,Desiree Singleton,samanthaowens@example.org,New Amyfort,2024-07-01
350,Kara Johnson,ithompson@example.com,West Zacharyville,2024-04-12
351,Tyler Yoder,hsullivan@example.org,East Susan,2025-09-28
352,Matthew Roberts,hardinjason@example.org,Mitchellberg,2024-10-27
353,Jennifer Patel,heidirhodes@example.org,Robertshire,2025-04-30
354,Elizabeth Haas,ocunningham@example.net,West Kendra,2024-05-04
355,Tyler Clay,qsanders@example.net,Ingramchester,2025-07-31
356,Amber Mora,rphillips@example.org,South Caitlin,2024-06-10
357,Patricia Davis,kariquinn@example.org,Leahburgh,2025-04-24
358,Elizabeth Hernandez,zwilliams@example.net,Jonbury,2024-10-23
359,Gerald Nixon,stephanie14@example.net,North Jonathon,2024-05-09
360,Donna Larson,peterstyrone@example.net,New Becky,2024-06-16
361,Steven Edwards,adam72@example.org,West Christopher,2026-02-16
362,Christopher Knight,fthornton@example.com,North Adrienne,2025-03-01
363,Joseph Keller,victoria04@example.com,Port Patrick,2025-11-01
364,Thomas Bishop,gwilliams@example.net,Williamhaven,2024-10-20
365,Kevin Mills,christopher92@example.com,Port Erika,2024-10-13
366,Evelyn Murphy,brittany77@example.com,New Brittany,2025-01-25
367,Taylor Macdonald,okaufman@example.net,North Barbarahaven,2024-11-25
368,Lauren Nelson,cheryl53@example.net,Flynnchester,2025-12-01
369,Robin Brown,amanda26@example.net,Olsenshire,2024-04-24
370,Rachel Mckenzie,alan28@example.net,Port James,2025-04-27
371,Brenda Rojas,paulahall@example.com,Charlesfurt,2025-05-10
372,Sierra Taylor,dennis93@example.org,Port Billy,2025-08-23
373,Jennifer Hernandez,denise00@example.org,Lake Kimfort,2025-08-30
374,Richard Spencer,mmartin@example.com,West Geoffrey,2025-05-13
375,Pamela Williams,abigailfernandez@example.net,Cruzville,2024-09-07
376,Olivia Wells,vwilson@example.com,Lake Richard,2026-01-24
377,Andrea Harrison,loriguzman@example.net,Matafurt,2025-02-23
378,Melanie Snyder,hwilliams@example.org,Reynoldsshire,2024-08-16
379,Samantha Logan,gina04@example.net,North Mariaview,2024-06-26
380,Jessica Miller,cfisher@example.net,New Davidmouth,2024-06-05
381,Seth Foster,lauren50@example.com,Muellerborough,2024-10-30
382,Terry Phillips,shawn42@example.net,West Marieberg,2025-06-15
383,Matthew Patel,cpeterson@example.org,Garciaburgh,2025-08-17
384,Andrew Williams,cmeyer@example.org,Sandraview,2025-07-29
385,Amber Pope,ibrown@example.org,North Michealside,2025-08-09
386,Larry Harris,gomezryan@example.org,Paulville,2025-02-11
387,Brian Randall,torreslaurie@example.org,Cartermouth,2025-02-23
388,Scott Thomas,zwelch@example.com,Marymouth,2024-11-22
389,Tara Smith,katrinanelson@example.org,Stephaniechester,2025-06-10
390,Michelle Bass,joseph01@example.com,New Joshuastad,2024-11-12
391,Karen Johnston,cobbjames@example.com,East Shawn,2025-04-10
392,Christine Lewis,awilliamson@example.com,Perryside,2025-09-30
393,Joan Reed MD,timothymartinez@example.com,Lake Michael,2026-02-13
394,Carlos Meyer,donaldgonzalez@example.net,Port Austinhaven,2025-06-27
395,Lawrence Calderon,combsrichard@example.com,West Jamiechester,2025-06-05
396,Samuel Peters,jameshart@example.org,Crystalville,2026-03-05
397,Matthew Burton,shepardabigail@example.com,Rossview,2024-06-25
398,Jordan Wilkerson,shawn28@example.com,Port Garyport,2025-05-07
399,Bryce Wilson,cherylalvarez@example.net,Terrifort,2026-01-25
400,Sandra Young,jbrewer@example.net,Port Peterchester,2024-03-08
401,Daniel Thomas,joshuadonovan@example.org,South Stacey,2024-12-23
402,Catherine Clark,cole99@example.org,New Jameshaven,2025-06-09
403,Cynthia Day,powelljacob@example.net,Andreaberg,2024-06-08
404,Melissa Hamilton,anthonyconley@example.net,North Ronald,2025-11-08
405,Melissa Pierce,margaret51@example.org,Waterston,2025-06-28
406,Meagan Arnold,woodlisa@example.net,Harveyside,2025-09-11
407,Jessica Miller,alvarezmichelle@example.net,Lake Davidburgh,2026-02-24
408,Duane Rasmussen,yhess@example.com,East Ronaldside,2025-05-26
409,Brandi Riley,brandon62@example.net,Jessicahaven,2025-12-27
410,Dr. Tracy Brown,ellisrobert@example.com,West Oscarfurt,2025-04-28
411,Matthew Watkins,joycejensen@example.org,South Lucas,2025-09-21
412,Julie Henderson,teresa51@example.net,Brettton,2026-02-02
413,Tina Jackson,colemanmaria@example.org,Wardburgh,2024-10-01
414,Joseph Joyce,aandrews@example.net,Taylorfurt,2025-05-22
415,Christopher Brooks,ujones@example.com,Grimesside,2026-02-13
416,Christopher Reynolds,candaceharris@example.net,East Stevenview,2025-12-12
417,Nicholas Lopez,leeelijah@example.net,South Benjaminhaven,2025-06-18
418,Travis Smith,zbennett@example.com,Ryanton,2026-01-08
419,Brittany Jackson,milleraustin@example.net,Phelpsbury,2025-08-31
420,Jeremiah Maxwell,austindavis@example.org,Wuhaven,2024-04-13
421,Adam Davis,jim39@example.org,Smithhaven,2025-04-16
422,Crystal Allen,christina17@example.org,Karenburgh,2025-01-05
423,Melanie Mccoy,vgraham@example.net,Danielshire,2024-08-13
424,Melissa Potter,jacqueline33@example.net,Mercadobury,2024-04-18
425,Danielle Young,mary62@example.net,Raymondburgh,2025-01-18
426,Jessica Perry,hamiltonnorma@example.net,Richardsfort,2024-12-31
427,Amy Lozano,vcallahan@example.com,Port Johnshire,2025-08-22
428,Patricia Stewart,wmiranda@example.net,Christopherview,2024-03-13
429,Ashley Robinson,ahughes@example.com,South Lisa,2025-09-21
430,Timothy Jefferson,becklori@example.com,Sloanmouth,2025-03-25
431,Jaime Mason,johnsonrichard@example.com,Dakotamouth,2024-05-26
432,Samuel Ross,susanmurphy@example.net,West Andrew,2024-07-27
433,Sheri Cruz,lisahooper@example.com,New Curtisview,2025-07-01
434,John Garcia,ymoreno@example.com,Christopherborough,2026-03-04
435,Jennifer Scott,whitecody@example.com,Robertstad,2026-01-31
436,Taylor House,ochoaalexander@example.com,Mccarthyberg,2026-02-11
437,Samuel Rodgers,vicki26@example.net,Scottfurt,2025-02-07
438,Douglas Thompson,gacosta@example.com,Port Williamtown,2025-05-12
439,Hannah Williams,gabrielharmon@example.org,Port Jeffreyfurt,2024-03-12
440,Michelle Roberts,jdixon@example.net,Curtisburgh,2025-02-09
441,Anthony Myers,peter07@example.net,Kennethhaven,2024-05-15
442,Steven Keller,kimberly99@example.com,North Stefaniebury,2025-07-06
443,Robert Davidson,williamswalter@example.net,Lake Brandy,2024-04-04
444,Elizabeth Rodriguez,aguilarcarmen@example.net,Ericton,2024-12-08
445,Renee Garner,fernando86@example.net,New Darrenberg,2025-10-29
446,David Wang,lhoffman@example.org,Simpsonville,2025-09-03
447,Jessica White,rogersamanda@example.net,South Kevinside,2024-11-26
448,Shane Hall,zavaladominique@example.com,Pruittfort,2026-02-26
449,Gerald Wolfe,luisjohnson@example.com,New Natashastad,2025-10-01
450,Scott Jones,hallstacy@example.net,Port Richardville,2024-07-17
451,Erica Martinez,pamela41@example.com,North Elizabethmouth,2026-01-04
452,Michael Norman,harveyjoanna@example.com,New Toddfort,2025-08-09
453,Helen Castro,hillmisty@example.org,New Nicholemouth,2026-02-08
454,Anna Branch,christophermarshall@example.com,West Glen,2024-04-22
455,Shannon Stout,berryanna@example.org,South Kristina,2025-11-11
456,Terry Williams,cgray@example.com,West Thomas,2025-01-22
457,Tony Bond,allenashley@example.org,Johnsonmouth,2025-06-26
458,Keith Powell,brandonrose@example.org,South Laurenport,2024-04-11
459,Stephen Finley,toddbaxter@example.org,Hullland,2025-10-26
460,Jasmine Holland,kaylaschaefer@example.com,South Jamesland,2025-04-04
461,Jamie Smith,jacqueline07@example.net,Lake Amanda,2025-10-17
462,Sarah Ruiz,smithsharon@example.net,Jilltown,2025-06-09
463,Mrs. Sheila Perkins,brownthomas@example.org,North Jillfort,2025-07-09
464,Jeffrey Smith,andersonsteven@example.org,Rodgersburgh,2024-10-26
465,Jose Brown,tammymartin@example.net,South Ericafurt,2024-04-12
466,Bonnie Zuniga,harperkarina@example.net,Richborough,2025-04-02
467,Cole Evans,eric50@example.org,Wrightland,2025-03-02
468,Beth Thomas,deborah51@example.com,Scottborough,2024-10-27
469,Jordan Lynch,smitheileen@example.com,Aaronfort,2024-06-08
470,Mark Mosley,kellyrobert@example.org,Matthewchester,2025-01-15
471,Charles Werner,alisonprice@example.com,Adamland,2025-12-19
472,Kimberly Berry,davidallen@example.net,Lake Melissachester,2024-09-24
473,Christina Hayes,pricemonica@example.com,Jacquelineland,2024-04-01
474,Tammy Mooney,juanbartlett@example.net,Nolanchester,2025-07-09
475,David White,ygiles@example.net,Ortizstad,2025-08-19
476,Vincent Mcbride,cindy60@example.org,East Angela,2025-01-28
477,Tyler Jackson,andreaforbes@example.net,West Dawnton,2025-10-10
478,Daniel Mccann,aorr@example.com,South Cindy,2026-02-19
479,Ryan Wagner,qking@example.com,Carsonburgh,2025-02-04
480,Charles Garza,ohernandez@example.com,Ericatown,2024-12-15
481,Julie Paul,likristen@example.org,Jasminefort,2025-08-28
482,Kayla Ross,fullerangela@example.net,Hancockchester,2024-12-03
483,April Stevenson,marcushall@example.com,Chavezfurt,2025-11-23
484,Anna Carr,rwilliamson@example.org,Edwardschester,2024-04-02
485,Kimberly Rogers,franklin19@example.org,Catherinefort,2024-05-20
486,Brianna Morris,susan99@example.net,Boyerberg,2024-12-24
487,Nicholas Stephens,imurphy@example.com,Greenside,2024-05-30
488,Manuel Baker,jamesconnor@example.org,West Hollyland,2025-11-07
489,Eugene Rogers,lisasandoval@example.com,Port Christopherside,2025-10-15
490,Kimberly Roman,yleblanc@example.org,New Phillip,2024-08-13
491,Anthony Logan,kimmonica@example.net,East Charlesberg,2024-07-13
492,David Solis,judith76@example.com,North Teresa,2025-02-16
493,Scott Green,danielmurray@example.net,Jeremiahbury,2024-12-25
494,Holly Alvarado,sandra55@example.com,Walterport,2024-05-17
495,Lori Nelson,jessica35@example.org,Port Warrenfurt,2025-11-11
496,James Kim,gchang@example.com,Kevinview,2024-04-17
497,Grant Bishop,danielle13@example.com,Baileyview,2026-01-20
498,Jill Cannon,joshua02@example.com,Wendyview,2025-08-09
499,Matthew Baker,donna27@example.net,Floresview,2025-06-18
500,Heather Cordova DDS,mayrobert@example.org,Laceyland,2025-07-18
