order_id,customer_id,order_date,total_amount
1,73,2025-07-04,86.61
2,472,2026-01-25,616.87
3,438,2025-04-13,652.08
4,418,2025-11-19,924.73
5,140,2026-01-10,327.5
6,190,2025-11-29,834.54
7,107,2026-02-26,630.55
8,343,2025-11-19,100.62
9,309,2026-02-27,432.66
10,496,2026-02-01,69.15
11,54,2026-02-15,246.29
12,232,2026-01-25,943.72
13,140,2025-04-13,129.48
14,343,2026-02-15,660.36
15,335,2025-08-16,677.68
16,102,2025-11-02,893.13
17,102,2025-08-23,95.22
18,241,2026-03-01,184.36
19,7,2025-12-08,732.99
20,216,2026-02-14,724.23
21,355,2026-03-01,634.69
22,11,2026-01-21,430.28
23,443,2026-01-09,621.12
24,15,2025-07-24,739.65
25,18,2025-09-12,797.67
26,215,2025-03-09,637.38
27,391,2025-07-07,169.38
28,63,2025-07-07,169.1
29,55,2025-12-28,919.25
30,257,2025-03-24,832.31
31,247,2025-11-18,473.14
32,318,2025-04-13,864.63
33,39,2026-01-11,728.38
34,487,2025-04-09,819.7
35,466,2025-10-26,582.21
36,308,2025-10-28,490.22
37,171,2025-06-26,61.33
38,64,2025-05-08,217.09
39,375,2025-07-15,520.07
40,421,2025-06-23,442.77
41,265,2025-05-03,439.62
42,395,2025-03-11,267.16
43,348,2025-05-25,487.72
44,86,2026-01-13,227.85
45,340,2025-11-20,355.07
46,11,2025-05-12,812.84
47,110,2025-10-03,566.71
48,491,2025-12-04,82.82
49,26,2025-07-01,948.82
50,221,2025-05-05,928.38
51,451,2025-04-22,325.91
52,220,2025-12-08,718.98
53,432,2025-08-07,298.12
54,188,2025-07-12,998.47
55,13,2025-06-02,975.82
56,222,2025-04-16,239.47
57,465,2025-05-25,972.84
58,101,2025-09-28,442.25
59,338,2025-05-18,551.5
60,180,2025-03-05,473.32
61,419,2025-09-08,752.51
62,273,2025-08-13,218.19
63,44,2026-01-08,822.91
64,152,2025-12-31,371.15
65,12,2025-05-03,530.15
66,226,2025-07-17,219.84
67,380,2025-12-23,825.22
68,266,2025-12-02,170.18
69,245,2025-12-07,353.64
70,407,2026-03-04,655.57
71,76,2026-01-17,766.44
72,76,2025-05-11,704.68
73,394,2026-02-23,658.69
74,138,2025-08-17,146.18
75,142,2026-02-16,896.86
76,393,2026-02-28,958.57
77,175,2025-07-25,494.81
78,418,2026-02-26,243.06
79,47,2025-12-02,390.19
80,462,2025-07-09,36.48
81,375,2025-05-02,233.32
82,188,2025-04-13,28.39
83,158,2025-06-24,787.74
84,42,2025-04-23,512.15
85,103,2025-07-06,477.01
86,386,2025-05-03,915.37
87,397,2025-10-02,438.74
88,500,2025-04-01,808.12
89,27,2025-12-10,445.4
90,500,2025-09-11,585.51
91,487,2025-05-23,570.07
92,365,2026-02-18,565.59
93,142,2026-01-06,644.29
94,468,2026-02-28,175.47
95,25,2025-08-03,786.0
96,135,2026-02-20,430.86
97,207,2025-12-07,299.41
98,142,2025-09-15,424.66
99,437,2025-06-10,286.29
100,217,2025-05-08,191.56
101,453,2025-06-20,723.64
102,230,2025-08-11,114.7
103,45,2026-01-28,665.8
104,422,2025-03-21,570.88
105,205,2025-12-08,822.21
106,121,2025-09-16,798.93
107,491,2025-04-02,244.61
108,229,2025-04-01,253.91
109,287,2025-05-03,31.82
110,6,2025-09-10,219.61
111,44,2025-08-21,130.69
112,483,2025-09-30,409.43
113,274,2025-09-11,740.33
114,107,2025-12-13,582.0
115,476,2025-04-15,831.77
116,319,2025-07-05,799.81
117,44,2025-04-10,68.69
118,467,2026-02-06,117.52
119,415,2025-06-29,570.92
120,446,2025-11-28,763.0
121,34,2025-07-21,771.16
122,471,2025-08-20,587.21
123,319,2025-12-19,997.52
124,71,2025-05-13,983.99
125,113,2025-09-15,733.12
126,427,2025-11-17,885.1
127,149,2025-04-19,171.88
128,142,2025-07-06,976.53
129,263,2026-01-27,119.91
130,480,2026-01-11,99.93
131,31,2026-01-12,588.51
132,145,2025-12-13,429.12
133,484,2025-12-13,390.83
134,379,2025-07-27,692.48
135,271,2025-10-25,474.21
136,161,2025-12-15,510.38
137,7,2025-12-07,167.94
138,379,2026-03-01,419.91
139,146,2026-03-05,429.17
140,103,2025-11-17,92.6
141,148,2025-11-05,695.33
142,215,2025-10-16,755.01
143,160,2025-08-14,249.41
144,376,2025-08-17,219.61
145,474,2025-12-30,964.62
146,152,2025-04-07,791.41
147,278,2025-06-24,336.16
148,243,2025-05-13,295.96
149,69,2026-03-03,759.94
150,408,2025-06-15,815.48
151,29,2025-04-28,909.49
152,456,2025-10-29,137.67
153,259,2026-01-24,559.54
154,406,2025-08-24,184.3
155,269,2025-09-19,142.1
156,415,2025-07-07,279.32
157,162,2025-11-30,373.28
158,168,2025-11-19,733.62
159,39,2025-11-22,583.26
160,358,2025-03-22,489.37
161,489,2026-01-29,594.93
162,342,2025-05-04,208.27
163,103,2025-06-06,545.9
164,235,2025-06-07,364.21
165,451,2025-12-27,809.68
166,485,2025-11-30,180.36
167,176,2025-11-11,395.01
168,304,2026-02-13,258.9
169,354,2025-06-23,512.54
170,178,2025-08-24,777.61
171,301,2025-11-13,589.68
172,443,2025-05-13,167.89
173,314,2026-03-02,443.21
174,385,2025-04-14,405.11
175,72,2025-11-27,301.36
176,115,2026-02-17,763.51
177,452,2025-09-30,901.36
178,151,2025-07-14,966.54
179,499,2025-03-13,912.01
180,145,2025-06-29,93.56
181,448,2025-04-22,920.79
182,150,2025-11-07,269.11
183,4,2026-02-04,758.98
184,111,2025-09-24,812.04
185,279,2025-09-26,58.09
186,300,2025-12-20,649.54
187,184,2025-12-04,21.65
188,185,2025-07-08,678.25
189,293,2025-09-28,719.21
190,99,2025-10-03,291.6
191,120,2025-04-09,190.33
192,239,2025-10-11,304.29
193,340,2025-09-21,883.02
194,24,2025-08-20,224.53
195,216,2025-07-05,75.96
196,326,2025-10-29,986.7
197,380,2025-09-09,119.88
198,45,2025-06-29,865.01
199,460,2025-11-20,413.7
200,338,2025-03-28,529.1
201,158,2025-10-08,741.44
202,303,2025-06-04,387.19
203,297,2025-04-30,394.58
204,66,2025-05-30,715.83
205,461,2025-09-28,539.26
206,230,2025-11-09,982.94
207,157,2026-03-02,389.19
208,52,2025-10-29,716.33
209,305,2025-03-16,709.96
210,458,2025-06-26,95.23
211,368,2025-04-28,996.9
212,382,2025-11-04,415.97
213,437,2025-05-10,738.3
214,165,2026-02-23,140.39
215,163,2025-11-11,902.94
216,73,2026-02-13,159.01
217,68,2025-10-10,995.78
218,402,2025-08-09,66.95
219,470,2025-08-28,787.59
220,286,2025-03-23,365.07
221,312,2025-10-25,551.9
222,25,2025-06-26,197.46
223,147,2025-07-03,675.69
224,468,2025-06-15,331.6
225,371,2025-06-11,850.49
226,321,2026-02-18,183.28
227,255,2025-05-03,213.93
228,48,2025-12-08,544.26
229,120,2025-07-12,665.87
230,25,2025-08-27,839.4
231,69,2025-08-19,916.85
232,117,2026-02-26,442.04
233,272,2025-06-03,962.73
234,230,2025-04-18,536.39
235,287,2026-01-02,916.55
236,380,2026-01-20,32.13
237,427,2025-06-18,907.83
238,420,2025-04-02,475.49
239,223,2025-10-11,886.72
240,146,2025-12-01,143.12
241,183,2025-04-29,953.21
242,249,2025-11-20,618.73
243,44,2025-03-16,927.42
244,379,2025-06-27,609.0
245,498,2025-04-15,557.24
246,139,2025-09-17,915.4
247,331,2025-03-28,163.97
248,227,2025-04-27,416.51
249,311,2025-09-12,792.01
250,148,2025-07-28,320.19
251,451,2025-10-30,956.14
252,371,2026-03-03,842.28
253,457,2026-02-08,346.93
254,379,2026-02-16,878.68
255,445,2025-09-15,845.81
256,30,2025-10-05,659.28
257,11,2025-05-29,671.43
258,480,2025-07-16,611.47
259,161,2026-02-08,270.79
260,114,2025-06-07,760.07
261,42,2025-05-20,533.83
262,111,2026-01-21,599.46
263,1,2026-02-20,179.81
264,254,2025-11-22,70.08
265,340,2025-11-29,670.77
266,48,2025-04-15,727.59
267,13,2025-08-31,315.73
268,79,2025-06-27,549.18
269,40,2025-09-11,559.72
270,494,2025-05-25,581.12
271,462,2025-09-14,57.59
272,303,2025-07-18,427.6
273,230,2025-07-22,352.41
274,160,2025-07-06,360.17
275,293,2025-12-25,934.06
276,266,2025-10-03,843.25
277,33,2025-08-09,333.66
278,167,2025-07-24,668.06
279,21,2026-01-30,638.05
280,490,2025-04-27,282.85
281,69,2025-08-01,186.76
282,201,2025-04-11,292.25
283,39,2025-12-29,162.42
284,84,2025-09-07,806.24
285,354,2025-11-28,215.25
286,307,2025-11-22,376.95
287,166,2025-05-27,635.17
288,180,2025-12-02,453.59
289,378,2025-08-03,524.57
290,455,2026-01-07,139.19
291,237,2025-09-19,341.66
292,414,2025-07-08,311.72
293,500,2025-12-18,652.64
294,255,2025-10-10,52.31
295,1,2025-10-31,771.45
296,268,2025-04-06,112.91
297,163,2025-06-24,683.65
298,262,2025-05-05,730.48
299,325,2025-09-21,950.85
300,114,2025-10-16,468.05
301,455,2025-12-30,681.54
302,167,2026-03-04,952.93
303,163,2025-08-21,739.0
304,266,2026-02-12,631.19
305,23,2025-10-24,588.53
306,181,2025-04-24,621.01
307,171,2025-05-08,623.61
308,494,2026-02-06,968.28
309,275,2026-01-14,34.18
310,454,2025-03-16,180.67
311,347,2025-03-29,47.17
312,295,2025-06-02,485.85
313,421,2025-09-08,104.64
314,278,2025-08-21,86.09
315,126,2025-04-20,34.75
316,148,2025-05-27,137.39
317,179,2025-12-03,657.68
318,453,2025-08-08,312.08
319,446,2026-01-20,135.89
320,204,2025-07-17,780.23
321,109,2025-07-07,839.05
322,394,2025-11-19,599.23
323,300,2025-07-21,232.33
324,226,2025-07-13,49.45
325,212,2026-01-15,926.36
326,239,2025-09-09,43.29
327,398,2025-06-09,180.28
328,118,2025-07-06,146.78
329,488,2025-11-29,451.68
330,423,2026-02-04,541.8
331,474,2025-03-19,194.55
332,160,2026-02-20,200.73
333,225,2025-12-28,116.11
334,287,2025-05-19,901.72
335,228,2025-06-02,638.03
336,150,2025-06-01,30.81
337,382,2025-10-30,363.4
338,181,2026-01-13,824.36
339,317,2026-02-21,348.01
340,198,2025-10-24,411.57
341,83,2025-03-21,186.09
342,62,2025-09-06,834.13
343,236,2026-02-13,831.29
344,217,2025-12-26,695.65
345,270,2025-09-21,299.55
346,281,2025-06-21,370.33
347,272,2025-05-04,563.17
348,194,2025-07-30,633.38
349,476,2025-12-15,497.02
350,234,2026-01-22,825.04
351,329,2025-05-31,470.14
352,489,2025-11-12,172.11
353,362,2026-01-02,843.12
354,344,2025-08-29,595.09
355,199,2025-12-07,375.11
356,397,2025-10-20,328.55
357,239,2025-11-16,211.4
358,128,2025-12-28,730.77
359,398,2025-08-31,602.82
360,123,2025-10-07,423.08
361,422,2025-07-01,156.2
362,284,2025-06-14,362.88
363,285,2025-07-22,862.07
364,19,2025-11-05,508.64
365,160,2025-12-23,425.7
366,213,2025-05-21,856.65
367,91,2025-11-09,549.05
368,268,2026-01-07,584.68
369,126,2025-10-02,774.26
370,320,2026-02-10,122.43
371,498,2025-10-06,215.97
372,10,2025-08-23,97.15
373,78,2025-10-10,644.44
374,409,2025-10-05,228.4
375,411,2025-06-10,62.28
376,325,2025-11-23,263.24
377,13,2025-12-06,728.9
378,260,2025-04-20,700.16
379,39,2025-03-31,905.08
380,384,2025-11-16,513.03
381,224,2025-06-06,849.85
382,244,2025-06-26,134.96
383,115,2025-08-23,255.36
384,233,2025-08-16,478.44
385,478,2025-06-18,714.83
386,296,2025-12-19,983.55
387,138,2025-09-02,843.38
388,337,2025-10-21,304.65
389,210,2026-02-10,639.06
390,330,2025-07-07,614.48
391,334,2025-04-07,995.89
392,34,2025-05-24,813.32
393,400,2025-08-17,537.49
394,171,2025-03-11,460.96
395,74,2026-03-03,692.03
396,136,2025-03-14,191.8
397,486,2026-03-01,206.42
398,360,2026-02-19,472.32
399,125,2026-01-02,568.02
400,457,2025-07-26,945.06
401,362,2026-01-28,715.64
402,429,2025-07-02,667.9
403,277,2026-02-06,929.15
404,129,2025-11-02,454.68
405,152,2025-04-15,773.73
406,325,2025-11-20,448.03
407,371,2025-03-13,505.78
408,45,2025-05-01,239.35
409,201,2025-07-08,850.16
410,421,2025-05-17,972.98
411,102,2025-07-01,320.64
412,281,2026-02-09,211.77
413,101,2025-10-07,235.45
414,493,2025-09-18,707.91
415,451,2025-12-30,334.66
416,286,2025-05-26,147.37
417,364,2025-07-13,439.17
418,189,2025-12-22,490.55
419,160,2025-09-08,84.19
420,467,2025-07-02,799.06
421,84,2025-05-01,667.16
422,28,2025-06-25,393.61
423,396,2025-06-24,259.32
424,465,2026-02-27,26.95
425,56,2025-07-21,641.04
426,418,2025-11-17,566.83
427,178,2025-04-04,193.9
428,305,2025-08-22,605.08
429,187,2025-08-27,752.86
430,107,2026-02-02,525.32
431,358,2025-11-06,574.07
432,316,2025-12-05,543.64
433,112,2025-05-25,158.3
434,150,2025-04-27,589.28
435,237,2025-03-21,402.98
436,311,2026-01-15,821.63
437,2,2026-03-04,240.83
438,435,2025-06-25,439.07
439,223,2025-07-22,798.72
440,24,2025-03-27,836.42
441,484,2025-03-17,134.91
442,315,2025-05-12,490.55
443,374,2025-08-17,823.8
444,435,2025-06-09,347.08
445,275,2025-11-18,405.29
446,182,2025-12-30,74.89
447,293,2026-02-06,339.02
448,267,2026-01-13,915.29
449,462,2025-12-25,675.78
450,158,2025-06-17,579.29
451,80,2025-08-01,44.72
452,422,2026-02-13,897.0
453,481,2025-11-17,480.14
454,410,2025-07-08,96.47
455,306,2025-10-15,950.32
456,271,2025-07-25,640.76
457,165,2025-03-29,360.81
458,265,2025-08-19,228.49
459,232,2026-01-30,138.89
460,257,2025-07-16,694.43
461,373,2025-05-06,114.64
462,288,2025-08-12,308.32
463,15,2025-03-26,42.83
464,470,2025-07-18,996.49
465,256,2025-05-06,477.92
466,24,2026-02-13,831.4
467,116,2025-09-03,191.85
468,428,2025-05-26,585.13
469,282,2025-05-18,842.63
470,226,2025-04-07,999.28
471,18,2025-10-18,738.65
472,392,2025-09-28,165.73
473,382,2025-07-26,165.74
474,422,2026-02-18,449.07
475,290,2025-03-30,462.53
476,72,2025-10-24,135.95
477,198,2025-10-29,795.73
478,370,2026-02-14,384.93
479,198,2026-01-29,664.34
480,298,2025-07-26,510.61
481,169,2026-01-24,191.45
482,414,2025-03-13,659.48
483,478,2025-10-11,401.45
484,228,2025-10-01,586.01
485,51,2025-08-16,517.38
486,328,2025-04-03,303.48
487,478,2025-06-17,899.24
488,70,2025-07-26,873.15
489,49,2026-01-22,922.51
490,170,2025-05-03,760.59
491,346,2025-07-03,418.14
492,235,2025-10-29,231.33
493,101,2025-03-08,569.8
494,59,2025-12-24,820.97
495,238,2025-05-03,39.47
496,88,2025-05-22,443.18
497,165,2026-03-05,140.75
498,490,2025-06-14,318.68
499,305,2025-06-28,276.47
500,373,2025-05-13,893.18
501,164,2026-02-26,512.01
502,151,2025-06-24,974.34
503,350,2025-04-27,20.95
504,126,2025-09-23,992.15
505,191,2025-03-19,562.44
506,330,2025-06-07,980.59
507,308,2026-01-23,664.71
508,426,2025-03-17,756.73
509,4,2025-08-22,716.96
510,413,2026-01-22,977.45
511,1,2025-08-24,963.71
512,336,2025-12-05,421.63
513,435,2026-02-02,347.96
514,63,2025-11-01,796.72
515,68,2025-07-25,688.99
516,64,2025-11-08,141.62
517,495,2025-08-23,66.03
518,48,2025-11-08,303.22
519,185,2025-04-22,600.09
520,224,2025-12-23,828.44
521,376,2025-07-21,185.29
522,221,2026-02-01,204.38
523,407,2025-03-29,179.27
524,415,2025-09-05,968.99
525,121,2025-05-03,210.86
526,19,2025-05-18,607.28
527,385,2025-11-07,562.79
528,273,2026-01-21,730.17
529,228,2025-06-21,454.12
530,132,2025-11-11,585.88
531,284,2025-07-28,478.48
532,260,2025-05-08,834.68
533,457,2025-08-29,901.43
534,26,2025-05-01,532.05
535,334,2025-10-28,20.47
536,291,2025-06-15,55.12
537,193,2025-09-18,388.05
538,445,2025-12-21,699.76
539,37,2026-02-12,392.77
540,152,2025-06-17,200.94
541,319,2026-02-26,799.33
542,349,2025-06-23,665.13
543,256,2025-08-12,574.99
544,20,2025-08-19,136.56
545,277,2025-12-03,345.04
546,188,2026-02-03,432.1
547,222,2025-06-29,440.83
548,288,2025-08-29,420.61
549,180,2025-10-12,523.7
550,348,2025-06-28,553.04
551,163,2026-03-02,583.6
552,454,2025-11-12,977.34
553,238,2025-04-12,106.28
554,326,2025-06-01,996.4
555,46,2025-08-15,499.46
556,431,2026-02-11,436.41
557,11,2025-03-14,867.13
558,210,2025-06-18,339.65
559,197,2025-07-17,864.12
560,264,2025-05-22,458.31
561,280,2025-12-11,322.32
562,326,2025-12-02,508.65
563,476,2025-10-13,776.44
564,477,2025-12-29,819.22
565,425,2026-01-25,472.94
566,36,2025-11-03,624.96
567,421,2025-09-18,119.24
568,383,2025-10-04,636.06
569,73,2025-05-18,178.58
570,400,2025-07-12,124.9
571,9,2025-07-18,979.1
572,87,2025-08-14,841.15
573,199,2025-05-27,118.64
574,454,2025-06-10,634.33
575,186,2025-06-15,186.41
576,207,2025-09-30,36.53
577,237,2025-06-19,985.11
578,186,2025-08-25,343.39
579,468,2025-07-05,302.37
580,54,2025-08-05,453.88
581,153,2025-05-01,107.04
582,14,2025-11-27,997.39
583,246,2025-06-06,785.23
584,88,2025-10-12,356.95
585,82,2025-04-11,425.01
586,60,2025-10-05,817.25
587,241,2025-08-27,235.55
588,184,2025-03-15,767.55
589,111,2025-05-13,125.16
590,124,2025-03-23,186.03
591,238,2025-04-17,464.33
592,462,2025-03-30,923.39
593,318,2026-01-06,165.56
594,44,2025-12-16,173.74
595,153,2025-06-04,316.99
596,316,2025-04-17,952.54
597,407,2026-02-17,297.15
598,358,2025-09-02,680.99
599,255,2025-07-17,358.65
600,344,2025-07-05,221.79
601,145,2026-03-04,897.93
602,439,2025-11-16,629.79
603,250,2025-11-02,31.11
604,457,2025-10-06,75.0
605,392,2026-01-16,536.05
606,72,2025-08-18,679.43
607,130,2025-08-16,787.97
608,47,2026-02-18,374.97
609,404,2025-12-28,901.79
610,38,2025-08-18,385.88
611,3,2026-02-26,967.6
612,195,2025-06-16,648.09
613,107,2025-11-16,547.92
614,209,2025-07-19,998.26
615,396,2025-07-30,20.77
616,170,2025-11-30,882.08
617,458,2026-02-27,385.31
618,412,2025-04-02,929.98
619,133,2025-10-01,654.78
620,239,2025-12-05,554.87
621,62,2025-03-24,823.6
622,158,2025-09-19,433.79
623,211,2025-12-06,922.28
624,412,2025-08-04,547.34
625,435,2025-05-11,182.88
626,75,2025-09-21,859.46
627,20,2025-11-28,194.2
628,159,2025-08-29,207.08
629,88,2025-03-20,702.01
630,141,2025-03-26,391.49
631,18,2026-02-27,159.91
632,402,2025-06-25,362.67
633,403,2025-08-27,388.07
634,407,2026-02-10,932.71
635,169,2025-10-18,613.03
636,341,2025-06-22,425.05
637,460,2025-05-26,724.59
638,361,2026-01-15,155.14
639,275,2025-11-20,201.4
640,403,2025-06-03,53.93
641,391,2025-09-02,527.02
642,175,2025-11-14,281.72
643,247,2025-12-31,92.51
644,387,2025-05-14,953.99
645,314,2025-05-04,831.29
646,11,2025-10-31,605.19
647,208,2025-10-07,939.72
648,22,2026-01-19,653.8
649,24,2025-04-29,586.57
650,331,2025-06-30,871.32
651,464,2026-02-12,813.57
652,323,2025-04-30,977.94
653,167,2025-11-03,790.45
654,465,2026-02-10,74.52
655,328,2025-06-11,953.3
656,109,2025-04-11,530.66
657,116,2025-11-14,770.29
658,197,2025-08-11,132.9
659,342,2025-08-20,29.22
660,44,2026-01-27,811.25
661,300,2025-09-04,330.29
662,471,2025-09-29,168.96
663,47,2025-07-06,59.85
664,254,2025-06-15,975.18
665,470,2025-03-05,665.11
666,447,2026-02-18,418.99
667,2,2025-09-18,218.47
668,39,2026-01-17,848.8
669,34,2025-06-06,475.5
670,11,2025-05-12,289.96
671,37,2026-01-15,723.84
672,218,2025-10-24,229.77
673,356,2025-09-17,28.21
674,430,2025-11-05,188.82
675,387,2025-06-05,61.88
676,244,2025-08-22,401.81
677,111,2025-08-19,94.78
678,269,2025-06-09,818.85
679,315,2026-02-14,625.23
680,138,2025-06-26,673.8
681,9,2025-06-17,78.28
682,215,2025-09-22,356.64
683,89,2025-12-24,146.45
684,122,2025-08-02,379.48
685,446,2025-09-22,643.84
686,238,2025-04-03,649.54
687,354,2025-07-06,279.13
688,241,2025-09-02,364.21
689,8,2025-07-11,695.67
690,259,2025-12-23,95.34
691,208,2025-10-20,747.86
692,278,2025-07-03,217.46
693,254,2025-03-08,830.67
694,181,2025-04-06,121.28
695,413,2025-09-02,692.84
696,264,2025-10-21,674.27
697,75,2025-12-20,745.38
698,417,2025-12-30,889.88
699,114,2026-01-13,191.27
700,279,2025-10-25,624.91
701,417,2025-12-08,785.45
702,112,2026-02-28,266.62
703,266,2025-12-06,982.72
704,210,2025-03-13,435.51
705,18,2026-02-09,887.23
706,367,2025-09-23,628.49
707,44,2025-12-22,839.49
708,490,2026-02-26,875.43
709,240,2025-11-19,409.76
710,46,2025-07-03,111.55
711,309,2026-02-03,290.89
712,101,2025-04-05,309.95
713,2,2025-08-03,929.09
714,140,2025-06-11,645.86
715,315,2025-06-26,38.61
716,491,2025-04-17,849.95
717,498,2026-01-29,711.2
718,448,2026-01-01,937.01
719,74,2025-06-23,934.93
720,310,2025-03-10,909.98
721,371,2025-07-30,506.17
722,100,2026-02-15,221.93
723,437,2025-07-12,303.08
724,209,2025-03-19,958.12
725,286,2025-10-12,536.57
726,45,2025-06-21,854.42
727,288,2025-09-25,570.66
728,481,2025-07-16,722.16
729,104,2025-09-08,868.35
730,11,2025-04-30,388.18
731,337,2025-05-16,161.5
732,179,2025-10-01,143.2
733,266,2026-03-03,345.63
734,358,2025-07-29,677.98
735,498,2026-01-25,49.93
736,93,2025-08-20,294.3
737,186,2025-06-16,933.96
738,138,2025-11-08,614.03
739,351,2025-03-16,38.09
740,350,2025-12-23,637.12
741,108,2025-12-12,256.26
742,170,2025-08-28,232.74
743,277,2025-03-11,995.12
744,216,2025-11-17,643.43
745,295,2025-10-18,315.04
746,449,2025-06-23,729.78
747,405,2025-11-22,900.3
748,74,2025-12-29,568.81
749,171,2025-06-29,669.26
750,318,2025-08-02,957.89
751,27,2025-04-19,250.18
752,148,2025-08-24,789.96
753,444,2025-09-09,173.98
754,145,2026-01-04,836.23
755,166,2025-12-26,129.75
756,174,2025-10-17,420.48
757,175,2025-06-18,424.6
758,256,2025-09-22,72.5
759,188,2026-01-17,66.25
760,494,2025-04-08,207.65
761,376,2025-10-26,100.13
762,348,2025-09-02,975.94
763,118,2026-01-29,932.27
764,203,2025-04-01,215.01
765,312,2025-04-27,579.17
766,3,2025-08-03,318.43
767,34,2025-05-10,860.37
768,30,2025-11-13,20.28
769,463,2026-01-15,696.87
770,417,2025-08-23,29.25
771,272,2025-08-30,492.96
772,196,2025-06-24,841.18
773,387,2025-06-02,399.92
774,393,2025-07-08,637.96
775,477,2025-05-15,337.73
776,92,2025-06-27,522.49
777,198,2026-02-25,200.95
778,192,2025-04-19,49.44
779,335,2025-07-09,246.21
780,118,2025-07-21,97.43
781,26,2025-04-09,903.3
782,378,2026-01-23,424.07
783,238,2025-09-20,953.3
784,147,2025-09-16,491.73
785,424,2025-07-20,21.85
786,177,2025-05-25,685.68
787,443,2025-08-26,783.97
788,145,2026-01-21,640.04
789,9,2025-05-12,506.33
790,2,2025-05-15,855.27
791,48,2025-12-30,986.3
792,41,2025-06-16,813.24
793,458,2025-12-24,885.41
794,227,2025-05-01,323.54
795,121,2025-10-18,637.09
796,487,2025-11-18,909.45
797,475,2025-07-02,952.7
798,408,2025-11-22,202.69
799,173,2025-04-03,887.17
800,447,2025-09-13,684.15
801,107,2025-04-19,923.62
802,365,2026-01-03,211.63
803,183,2026-02-25,943.33
804,434,2025-10-26,424.87
805,128,2025-07-18,95.38
806,440,2026-01-26,679.31
807,217,2025-04-23,456.03
808,365,2025-12-16,103.7
809,491,2025-08-07,434.14
810,464,2025-12-21,954.1
811,159,2025-11-26,629.31
812,126,2025-07-15,671.51
813,416,2026-02-22,821.66
814,442,2025-08-29,637.7
815,291,2025-04-24,972.72
816,345,2025-06-05,307.88
817,490,2025-09-23,253.65
818,145,2025-04-15,82.95
819,144,2025-10-27,128.09
820,225,2026-01-28,271.41
821,80,2025-07-27,191.47
822,80,2026-01-01,230.91
823,432,2025-06-17,913.08
824,118,2025-05-28,781.83
825,67,2025-05-24,334.89
826,375,2025-05-14,871.55
827,131,2025-04-11,558.21
828,173,2025-11-05,834.55
829,93,2025-10-05,75.07
830,112,2025-09-24,965.47
831,453,2025-12-14,397.98
832,268,2025-06-13,100.06
833,367,2026-01-10,116.35
834,92,2025-08-23,219.68
835,56,2025-04-07,503.85
836,193,2025-12-28,410.11
837,406,2025-06-03,989.56
838,377,2025-06-11,103.08
839,295,2025-09-02,184.61
840,236,2025-05-03,700.92
841,392,2025-05-13,434.5
842,74,2025-04-01,968.03
843,179,2025-10-27,169.64
844,113,2025-12-27,696.9
845,426,2026-01-31,653.05
846,89,2025-04-06,667.41
847,305,2025-07-04,910.92
848,2,2025-04-16,726.18
849,111,2025-12-27,400.77
850,177,2025-06-01,303.8
851,146,2025-03-13,281.6
852,390,2026-02-07,965.63
853,457,2025-07-29,884.17
854,327,2025-09-01,47.93
855,367,2025-06-09,594.28
856,178,2025-06-26,787.5
857,292,2025-05-11,248.94
858,14,2025-04-27,50.3
859,109,2025-11-29,555.68
860,218,2025-12-27,227.14
861,186,2025-03-29,406.71
862,58,2025-11-07,329.45
863,18,2025-10-16,593.76
864,432,2025-04-10,872.09
865,396,2026-02-25,379.57
866,102,2026-01-22,935.05
867,432,2025-11-01,474.13
868,444,2025-10-24,720.05
869,303,2025-03-15,315.18
870,190,2025-06-16,76.62
871,372,2025-08-01,439.72
872,49,2025-12-21,247.44
873,57,2025-05-02,713.73
874,137,2025-12-25,536.71
875,376,2025-09-15,590.34
876,413,2025-03-05,898.65
877,283,2025-07-25,55.19
878,381,2025-04-05,731.29
879,68,2025-06-23,772.37
880,69,2025-06-09,173.17
881,492,2025-08-14,790.61
882,203,2025-08-14,913.6
883,456,2025-12-15,149.34
884,439,2026-02-07,947.66
885,174,2025-10-23,756.9
886,91,2025-09-16,719.54
887,401,2025-08-08,443.27
888,202,2025-06-02,364.02
889,44,2025-06-18,987.26
890,364,2026-01-17,236.31
891,47,2025-09-05,836.29
892,289,2025-07-09,343.6
893,71,2026-01-05,510.46
894,478,2025-05-23,644.45
895,341,2025-12-27,569.89
896,85,2025-08-08,711.66
897,222,2025-10-23,363.51
898,94,2025-04-25,842.07
899,286,2025-12-11,161.17
900,192,2025-07-15,89.01
901,423,2025-08-25,519.61
902,149,2025-07-28,943.47
903,233,2025-06-20,186.35
904,436,2025-05-24,412.85
905,189,2026-01-26,159.15
906,200,2025-05-09,413.27
907,459,2025-07-31,168.09
908,157,2026-02-03,661.11
909,54,2025-04-15,330.75
910,70,2025-05-03,712.61
911,334,2025-09-01,588.97
912,373,2025-08-30,350.36
913,297,2026-01-11,34.51
914,318,2025-04-07,172.11
915,353,2026-01-10,392.29
916,286,2025-07-19,350.06
917,301,2026-02-05,590.02
918,153,2026-02-23,332.09
919,416,2025-05-06,627.46
920,209,2025-03-19,994.55
921,361,2025-04-11,777.86
922,31,2025-08-07,764.91
923,278,2025-06-30,735.32
924,209,2025-12-30,724.72
925,344,2025-11-29,353.38
926,30,2025-10-24,277.11
927,73,2026-02-03,250.17
928,288,2025-07-16,301.46
929,447,2025-09-15,433.08
930,25,2026-01-15,438.57
931,232,2025-07-10,27.76
932,276,2025-10-14,862.08
933,323,2025-03-09,583.93
934,463,2025-10-31,88.33
935,368,2025-08-07,497.81
936,8,2025-09-11,320.97
937,1,2025-10-08,715.57
938,294,2025-10-23,110.39
939,26,2025-04-23,399.17
940,328,2025-07-18,369.7
941,15,2026-01-29,616.8
942,442,2025-09-19,872.33
943,228,2025-07-26,783.79
944,149,2025-09-20,531.63
945,283,2025-04-20,209.21
946,87,2025-05-14,26.9
947,127,2025-06-09,161.23
948,291,2025-08-06,227.31
949,223,2025-09-01,455.94
950,319,2025-08-24,862.33
951,292,2025-09-20,468.64
952,281,2025-09-18,354.95
953,471,2025-06-08,387.1
954,407,2025-04-05,560.75
955,238,2025-08-15,665.26
956,351,2025-12-14,154.03
957,39,2025-12-01,252.46
958,472,2025-06-29,816.92
959,444,2025-11-26,384.89
960,498,2025-04-23,820.46
961,357,2025-06-20,497.55
962,106,2025-09-16,509.36
963,450,2025-05-13,131.61
964,410,2025-04-17,788.11
965,162,2026-02-08,115.79
966,94,2025-06-03,815.97
967,312,2025-03-19,120.39
968,398,2025-05-11,271.64
969,9,2025-11-05,841.27
970,90,2025-10-28,828.72
971,56,2025-07-29,690.8
972,193,2025-05-09,211.38
973,360,2025-11-26,43.02
974,83,2025-10-06,793.17
975,210,2025-07-27,70.17
976,253,2025-12-28,546.03
977,113,2026-02-10,654.1
978,420,2026-01-29,35.53
979,169,2025-05-07,890.96
980,404,2025-05-01,74.78
981,436,2025-08-30,630.32
982,144,2025-06-13,883.09
983,484,2025-10-19,573.55
984,417,2025-10-14,115.68
985,334,2026-02-14,94.49
986,220,2025-04-08,307.92
987,341,2025-11-11,587.16
988,167,2025-08-02,188.4
989,232,2025-09-04,428.53
990,289,2025-03-27,795.56
991,135,2026-01-18,842.47
992,194,2025-08-30,701.72
993,91,2026-02-03,744.4
994,462,2025-05-11,974.04
995,428,2025-11-03,929.5
996,73,2025-10-19,633.38
997,334,2025-07-15,900.47
998,463,2025-07-21,713.34
999,193,2025-09-10,981.52
1000,139,2025-10-30,884.19
1001,322,2025-08-19,510.06
1002,499,2025-11-20,795.24
1003,51,2025-03-29,779.63
1004,80,2025-03-05,26.67
1005,240,2025-03-30,274.6
1006,101,2026-02-04,180.45
1007,139,2025-11-10,792.39
1008,353,2026-02-09,402.89
1009,164,2025-11-16,151.64
1010,15,2025-03-14,207.25
1011,225,2025-03-25,197.88
1012,195,2025-06-06,499.56
1013,270,2025-11-10,956.0
1014,260,2025-10-14,291.66
1015,79,2025-12-03,189.49
1016,259,2025-08-30,332.88
1017,98,2025-09-18,873.65
1018,65,2025-06-07,759.28
1019,103,2025-11-28,92.14
1020,196,2025-03-20,41.96
1021,341,2026-01-09,814.09
1022,253,2026-02-18,746.71
1023,208,2025-05-25,162.73
1024,87,2026-01-09,453.05
1025,453,2025-11-08,951.82
1026,30,2025-11-30,230.96
1027,320,2025-09-27,467.82
1028,87,2025-12-11,258.95
1029,492,2025-10-01,859.96
1030,414,2025-08-05,440.61
1031,116,2025-11-25,440.77
1032,113,2025-12-11,634.27
1033,311,2026-01-26,625.41
1034,306,2026-01-25,48.14
1035,483,2025-12-27,339.45
1036,214,2025-10-25,768.77
1037,155,2025-08-08,482.32
1038,132,2025-12-18,931.27
1039,280,2025-09-29,867.56
1040,189,2025-04-05,287.5
1041,26,2026-01-23,123.84
1042,290,2025-08-19,749.42
1043,254,2025-10-06,709.42
1044,185,2026-01-21,378.78
1045,417,2025-08-04,188.85
1046,319,2025-04-26,90.86
1047,147,2025-06-18,532.07
1048,483,2025-05-29,394.88
1049,447,2025-07-03,197.34
1050,296,2026-01-04,683.2
1051,147,2025-06-11,485.5
1052,101,2025-06-18,981.17
1053,458,2026-01-18,946.46
1054,77,2025-12-05,84.0
1055,28,2025-08-07,475.27
1056,346,2026-01-30,690.55
1057,296,2025-10-14,574.24
1058,175,2026-03-03,712.1
1059,74,2025-05-25,391.12
1060,423,2025-05-26,727.79
1061,66,2025-06-15,612.87
1062,26,2025-11-23,720.12
1063,223,2025-03-19,566.92
1064,67,2025-12-27,279.86
1065,200,2026-01-26,926.32
1066,412,2025-04-03,751.8
1067,304,2025-04-09,305.52
1068,56,2025-04-11,855.11
1069,40,2025-12-16,683.24
1070,76,2025-12-15,248.5
1071,5,2025-06-02,804.4
1072,75,2026-02-18,892.79
1073,105,2025-08-09,532.33
1074,213,2025-04-26,891.39
1075,329,2025-08-21,701.41
1076,422,2025-06-22,651.54
1077,487,2025-10-25,956.91
1078,113,2026-02-15,672.85
1079,430,2025-08-14,875.04
1080,427,2025-11-21,995.9
1081,492,2025-04-05,798.26
1082,135,2025-06-13,299.28
1083,437,2025-08-04,431.19
1084,120,2025-06-08,457.89
1085,224,2025-09-09,383.61
1086,370,2025-03-06,118.98
1087,248,2025-07-20,675.75
1088,78,2025-12-24,430.45
1089,33,2025-05-07,654.63
1090,242,2025-11-28,513.32
1091,81,2025-03-06,673.82
1092,324,2025-05-30,692.66
1093,236,2025-06-11,618.25
1094,259,2025-12-14,24.43
1095,413,2025-11-20,462.1
1096,362,2025-08-27,633.36
1097,88,2025-10-07,643.16
1098,297,2025-09-30,436.98
1099,125,2025-05-10,888.84
1100,359,2025-11-22,76.99
1101,140,2025-07-06,908.18
1102,280,2025-09-19,366.95
1103,252,2025-11-07,163.05
1104,77,2025-12-06,961.33
1105,408,2025-08-18,406.63
1106,323,2025-07-23,815.44
1107,287,2025-08-05,355.92
1108,13,2025-08-15,22.83
1109,139,2026-02-25,642.05
1110,445,2026-01-14,762.1
1111,70,2025-04-29,828.3
1112,64,2025-07-16,979.9
1113,228,2025-08-22,834.97
1114,197,2025-09-24,645.96
1115,151,2025-12-26,965.78
1116,300,2026-02-16,632.9
1117,341,2025-11-04,296.53
1118,474,2025-06-27,153.05
1119,492,2025-05-24,972.9
1120,409,2025-12-01,925.3
1121,474,2025-12-02,722.71
1122,97,2025-07-10,80.02
1123,295,2025-10-05,465.44
1124,327,2026-02-06,188.04
1125,152,2025-11-14,644.45
1126,239,2025-08-17,571.12
1127,436,2025-10-01,341.19
1128,411,2025-09-10,499.65
1129,270,2025-08-13,988.37
1130,15,2025-10-17,574.25
1131,379,2025-09-27,167.31
1132,470,2025-11-05,737.47
1133,12,2025-11-02,948.4
1134,488,2025-06-04,133.96
1135,59,2025-10-12,183.19
1136,128,2026-02-06,718.66
1137,311,2025-07-31,650.06
1138,170,2025-10-13,985.49
1139,235,2025-10-28,598.5
1140,66,2025-08-17,812.77
1141,3,2025-11-25,828.89
1142,65,2025-09-16,37.55
1143,418,2025-09-12,573.01
1144,484,2025-09-11,122.26
1145,433,2025-11-27,385.81
1146,148,2026-01-31,786.88
1147,496,2025-12-26,494.67
1148,65,2025-12-23,161.07
1149,104,2025-12-27,587.69
1150,476,2025-08-29,800.59
1151,257,2025-08-06,490.95
1152,210,2025-05-09,311.98
1153,61,2025-06-27,952.15
1154,88,2025-05-25,830.94
1155,45,2025-12-22,739.9
1156,482,2025-04-30,397.2
1157,231,2025-10-18,316.05
1158,327,2026-02-20,971.41
1159,247,2025-07-30,324.38
1160,330,2025-07-11,604.23
1161,350,2026-02-06,436.92
1162,445,2025-03-09,760.97
1163,354,2026-01-29,225.21
1164,196,2025-09-20,768.15
1165,328,2026-01-21,603.86
1166,408,2025-09-11,130.67
1167,285,2026-02-04,596.05
1168,155,2026-01-29,340.73
1169,63,2025-12-16,659.65
1170,342,2026-02-27,620.12
1171,482,2025-11-09,693.85
1172,463,2025-10-09,984.72
1173,322,2025-11-26,613.45
1174,339,2025-12-01,361.34
1175,6,2025-05-14,956.12
1176,444,2025-09-01,765.0
1177,66,2026-02-28,631.84
1178,346,2025-12-29,868.42
1179,455,2025-05-09,29.52
1180,152,2025-05-31,219.43
1181,434,2025-08-12,24.32
1182,416,2025-11-29,245.32
1183,440,2025-05-09,689.54
1184,140,2025-08-27,418.06
1185,265,2026-03-02,126.19
1186,60,2025-12-14,467.23
1187,466,2025-08-21,596.52
1188,74,2026-02-04,341.58
1189,133,2025-07-18,623.95
1190,141,2026-02-28,787.17
1191,252,2025-11-26,826.53
1192,481,2026-01-14,703.82
1193,175,2025-07-14,252.67
1194,496,2025-08-30,262.58
1195,254,2026-02-20,33.76
1196,458,2025-05-16,871.93
1197,199,2025-04-14,428.74
1198,446,2025-07-26,482.28
1199,486,2025-07-31,403.02
1200,18,2025-09-10,329.69
1201,448,2025-05-15,670.99
1202,306,2025-11-30,331.96
1203,132,2025-12-13,301.75
1204,100,2025-12-20,597.28
1205,452,2025-10-21,447.39
1206,172,2025-10-27,393.58
1207,210,2025-03-13,990.78
1208,137,2025-10-30,929.16
1209,169,2026-02-09,581.8
1210,326,2025-10-24,286.42
1211,147,2025-07-09,862.36
1212,37,2025-04-26,703.69
1213,334,2025-12-03,873.22
1214,53,2025-12-06,326.57
1215,43,2025-05-18,144.02
1216,400,2025-12-20,264.48
1217,138,2025-07-12,637.45
1218,441,2026-01-04,123.12
1219,19,2025-12-22,127.38
1220,471,2025-12-28,577.97
1221,33,2025-09-03,270.8
1222,284,2026-01-13,31.99
1223,82,2025-03-15,886.3
1224,413,2025-08-09,447.4
1225,244,2025-12-11,139.3
1226,103,2026-01-20,51.93
1227,370,2025-05-23,682.13
1228,198,2025-07-27,318.11
1229,194,2025-08-14,732.82
1230,381,2025-09-16,120.49
1231,193,2026-01-09,450.64
1232,48,2026-03-05,454.91
1233,351,2026-01-04,102.1
1234,71,2025-10-26,756.17
1235,241,2025-11-18,573.94
1236,323,2025-05-14,558.68
1237,120,2025-04-16,744.78
1238,494,2025-03-12,714.48
1239,162,2025-07-30,557.91
1240,162,2025-10-10,761.94
1241,204,2025-12-12,870.85
1242,442,2025-12-04,389.05
1243,222,2026-01-31,282.57
1244,452,2025-05-03,333.53
1245,124,2025-07-17,548.38
1246,377,2026-01-03,910.57
1247,44,2025-04-09,119.68
1248,317,2025-06-12,139.97
1249,78,2025-11-24,540.79
1250,331,2025-12-18,543.87
1251,117,2025-06-22,571.38
1252,148,2026-02-17,229.16
1253,459,2025-11-25,448.24
1254,335,2026-01-23,935.25
1255,351,2026-02-12,649.22
1256,217,2025-09-22,503.56
1257,418,2025-11-15,486.73
1258,334,2025-05-09,384.24
1259,303,2025-11-15,454.67
1260,18,2025-09-01,792.9
1261,276,2025-05-22,853.67
1262,197,2025-04-23,393.71
1263,51,2025-12-26,166.93
1264,217,2025-12-29,741.49
1265,357,2025-03-28,347.76
1266,418,2026-01-03,191.74
1267,402,2025-04-13,554.46
1268,295,2025-09-09,981.98
1269,242,2025-11-06,207.36
1270,135,2025-06-08,698.62
1271,138,2026-02-17,887.17
1272,386,2025-09-23,289.88
1273,96,2026-01-22,165.15
1274,396,2026-01-19,783.26
1275,155,2025-07-20,90.39
1276,207,2025-03-23,832.39
1277,229,2026-02-24,242.97
1278,120,2025-04-28,998.19
1279,107,2025-03-20,916.16
1280,68,2025-10-05,218.72
1281,287,2025-11-08,728.71
1282,426,2025-03-10,35.73
1283,49,2025-03-27,329.23
1284,392,2025-10-11,254.95
1285,185,2025-10-16,860.51
1286,164,2025-06-24,281.38
1287,436,2025-10-27,722.78
1288,483,2026-01-31,51.5
1289,55,2025-07-09,709.56
1290,271,2025-07-01,586.75
1291,6,2025-10-16,673.53
1292,353,2025-08-17,100.62
1293,14,2025-11-13,55.68
1294,202,2025-08-09,22.93
1295,153,2026-01-02,852.41
1296,290,2026-01-13,893.58
1297,247,2025-04-20,906.8
1298,477,2026-01-30,862.25
1299,32,2026-02-23,808.36
1300,450,2025-06-28,151.37
1301,309,2025-11-06,581.44
1302,32,2025-11-28,987.1
1303,86,2025-11-02,704.8
1304,467,2025-08-10,264.7
1305,204,2025-04-14,682.3
1306,40,2025-06-13,705.19
1307,485,2026-02-05,347.07
1308,451,2025-10-30,764.89
1309,411,2026-02-05,452.43
1310,222,2025-04-11,538.71
1311,166,2026-01-28,80.7
1312,251,2026-02-15,362.57
1313,313,2025-10-25,245.19
1314,91,2025-07-21,192.62
1315,269,2025-11-27,441.2
1316,195,2026-01-14,922.44
1317,228,2025-08-28,608.02
1318,221,2026-02-02,847.52
1319,153,2025-06-17,262.64
1320,443,2025-03-23,417.32
1321,378,2026-03-03,885.71
1322,366,2025-06-11,511.17
1323,1,2025-05-20,481.11
1324,120,2025-08-26,510.49
1325,218,2025-07-30,94.25
1326,47,2025-03-25,576.9
1327,318,2025-11-11,976.74
1328,378,2025-11-10,515.44
1329,55,2025-08-23,298.68
1330,247,2025-12-09,64.7
1331,74,2025-05-02,85.72
1332,228,2025-04-23,131.96
1333,296,2025-05-14,542.89
1334,231,2025-06-20,996.37
1335,418,2026-02-17,526.9
1336,421,2025-08-23,698.31
1337,421,2025-10-25,805.62
1338,290,2025-04-09,942.87
1339,339,2025-06-07,676.58
1340,426,2025-04-10,20.2
1341,368,2025-03-18,791.66
1342,468,2025-10-19,545.81
1343,405,2025-03-06,372.79
1344,85,2025-11-13,189.07
1345,75,2026-01-17,781.13
1346,39,2026-01-08,405.71
1347,474,2025-09-18,448.18
1348,462,2025-11-28,943.28
1349,57,2025-05-04,666.73
1350,315,2025-09-19,644.13
1351,280,2025-08-11,646.71
1352,30,2025-05-23,244.92
1353,10,2025-07-18,260.77
1354,163,2025-05-09,504.25
1355,275,2026-02-09,277.85
1356,136,2025-09-16,968.49
1357,148,2025-07-10,74.84
1358,287,2025-06-30,921.81
1359,417,2025-07-09,764.4
1360,356,2025-11-01,189.66
1361,73,2025-08-22,894.13
1362,178,2026-02-20,580.01
1363,266,2026-02-26,160.86
1364,133,2025-05-17,129.06
1365,437,2026-01-01,349.33
1366,326,2025-10-01,176.0
1367,249,2025-09-11,837.63
1368,305,2025-04-04,785.87
1369,347,2025-11-19,315.91
1370,340,2025-03-29,691.54
1371,131,2025-03-10,999.24
1372,67,2025-05-27,613.38
1373,132,2025-07-29,328.33
1374,252,2025-07-18,203.22
1375,392,2025-05-27,435.71
1376,87,2025-11-07,475.59
1377,96,2025-10-01,611.02
1378,418,2025-09-08,584.54
1379,438,2025-05-01,334.93
1380,214,2026-03-01,883.96
1381,17,2025-09-23,179.98
1382,245,2025-05-29,360.97
1383,363,2025-06-28,456.53
1384,240,2025-06-18,223.41
1385,325,2025-11-11,149.4
1386,91,2025-06-12,50.33
1387,1,2025-08-12,734.43
1388,458,2025-09-22,160.86
1389,172,2025-05-25,695.78
1390,343,2025-09-15,862.86
1391,389,2025-11-03,833.68
1392,391,2025-12-25,321.55
1393,481,2026-02-25,985.14
1394,414,2025-08-08,919.82
1395,145,2025-06-26,948.38
1396,14,2025-12-17,414.65
1397,132,2025-03-25,436.88
1398,324,2025-07-22,711.18
1399,17,2025-12-09,624.41
1400,263,2026-02-05,588.12
1401,29,2026-01-27,485.3
1402,287,2026-02-21,680.32
1403,177,2025-09-10,306.01
1404,145,2025-09-20,48.37
1405,463,2025-09-10,591.28
1406,170,2026-01-19,174.37
1407,286,2025-10-24,98.23
1408,464,2025-03-12,687.02
1409,418,2025-05-08,283.09
1410,398,2026-01-10,254.12
1411,69,2025-07-30,447.76
1412,341,2025-11-11,33.09
1413,66,2026-02-05,200.65
1414,189,2025-08-01,183.37
1415,235,2025-05-11,535.0
1416,271,2025-05-25,537.59
1417,6,2026-01-15,648.81
1418,349,2025-11-19,432.31
1419,279,2025-07-11,618.23
1420,117,2025-12-17,696.72
1421,116,2025-08-29,629.31
1422,237,2025-09-14,199.0
1423,235,2026-01-20,849.7
1424,460,2025-09-06,591.51
1425,463,2025-03-25,323.92
1426,421,2026-01-07,658.44
1427,32,2025-12-22,104.93
1428,25,2025-08-14,432.05
1429,375,2025-05-02,248.51
1430,197,2025-09-20,673.66
1431,238,2025-04-29,50.36
1432,143,2025-06-10,56.23
1433,277,2025-12-30,359.94
1434,343,2025-04-05,859.9
1435,287,2026-01-02,414.6
1436,317,2025-08-23,191.68
1437,374,2025-11-23,872.9
1438,331,2025-06-15,518.38
1439,378,2025-06-05,615.84
1440,217,2025-06-03,537.33
1441,192,2026-02-25,418.17
1442,481,2025-10-12,341.68
1443,224,2025-10-18,99.84
1444,304,2026-01-30,756.46
1445,281,2025-04-07,690.66
1446,329,2025-08-12,905.25
1447,500,2025-06-21,724.82
1448,25,2025-11-28,631.9
1449,460,2026-01-03,163.37
1450,113,2026-01-27,939.28
1451,359,2025-08-26,597.39
1452,181,2025-04-15,719.65
1453,298,2025-10-08,45.27
1454,19,2025-09-18,35.24
1455,138,2025-03-21,928.68
1456,89,2025-05-20,119.34
1457,136,2025-12-13,821.03
1458,237,2026-02-22,908.11
1459,10,2025-09-05,148.16
1460,177,2025-10-14,31.83
1461,276,2025-07-03,139.81
1462,373,2025-11-08,617.77
1463,35,2025-11-16,562.23
1464,93,2026-03-01,926.07
1465,212,2025-11-10,481.37
1466,325,2026-01-28,828.67
1467,270,2025-03-17,214.35
1468,293,2025-08-21,133.15
1469,236,2026-01-09,193.67
1470,29,2025-09-26,866.03
1471,63,2025-07-22,549.61
1472,359,2025-03-23,233.81
1473,134,2025-10-27,574.57
1474,145,2026-01-12,188.88
1475,480,2026-01-17,993.18
1476,218,2025-06-30,60.56
1477,19,2025-05-13,605.56
1478,149,2026-02-22,47.43
1479,472,2025-05-01,498.04
1480,209,2025-04-04,993.92
1481,47,2025-12-12,772.83
1482,158,2025-05-28,934.48
1483,429,2026-01-15,205.51
1484,262,2025-05-12,879.14
1485,120,2025-12-16,389.34
1486,317,2025-12-12,317.37
1487,412,2026-01-27,67.31
1488,173,2025-04-04,799.63
1489,429,2025-06-04,769.83
1490,242,2025-06-30,33.86
1491,378,2025-09-13,611.39
1492,486,2025-10-14,570.87
1493,413,2025-04-05,525.79
1494,316,2026-01-26,506.46
1495,387,2025-05-24,493.33
1496,23,2025-06-28,155.25
1497,500,2025-12-08,361.22
1498,332,2025-09-01,171.38
1499,55,2025-03-11,488.57
1500,8,2025-11-06,275.41
1501,364,2025-05-08,230.16
1502,429,2025-09-23,128.43
1503,33,2026-02-03,84.08
1504,370,2025-05-24,33.22
1505,249,2025-09-29,712.86
1506,161,2025-12-29,260.43
1507,136,2025-03-23,277.19
1508,449,2025-06-13,527.67
1509,180,2025-05-14,401.21
1510,221,2025-08-29,517.96
1511,360,2025-08-21,108.26
1512,149,2025-12-02,603.75
1513,132,2025-11-06,235.2
1514,293,2025-07-05,287.82
1515,118,2025-06-01,222.29
1516,350,2025-08-31,732.69
1517,139,2026-01-17,66.1
1518,225,2025-09-11,554.26
1519,404,2025-08-11,281.46
1520,379,2026-02-16,787.6
1521,111,2025-06-26,400.59
1522,176,2025-12-13,894.96
1523,498,2025-09-21,193.06
1524,479,2025-12-22,180.47
1525,420,2026-01-22,837.25
1526,219,2025-12-29,997.72
1527,447,2026-02-02,424.96
1528,95,2025-07-03,642.89
1529,399,2025-04-19,458.55
1530,318,2025-04-13,623.41
1531,239,2025-10-08,516.97
1532,368,2026-01-04,485.73
1533,62,2025-08-02,397.26
1534,152,2025-10-15,753.74
1535,47,2025-08-14,626.1
1536,412,2025-10-02,971.08
1537,300,2025-04-05,534.6
1538,107,2026-01-17,915.63
1539,69,2025-12-03,82.45
1540,272,2026-03-01,525.85
1541,256,2025-07-11,976.36
1542,317,2025-11-03,180.75
1543,500,2026-01-11,29.79
1544,439,2025-11-15,442.89
1545,165,2025-05-23,205.23
1546,148,2026-02-12,534.85
1547,389,2025-06-01,588.34
1548,331,2025-06-19,83.59
1549,135,2025-04-12,816.69
1550,113,2025-04-16,622.04
1551,457,2025-08-07,243.36
1552,470,2025-04-09,231.07
1553,487,2025-05-20,161.37
1554,482,2025-07-14,709.1
1555,150,2025-05-20,361.69
1556,494,2025-09-24,157.23
1557,261,2025-03-21,620.58
1558,85,2025-05-07,881.57
1559,451,2025-10-26,949.79
1560,477,2025-09-14,113.28
1561,15,2025-07-17,941.5
1562,448,2025-07-14,947.37
1563,290,2025-09-17,372.56
1564,477,2025-04-16,776.52
1565,241,2025-11-26,63.63
1566,196,2025-07-31,559.09
1567,231,2025-03-29,331.51
1568,123,2025-07-06,788.11
1569,193,2025-05-01,119.03
1570,53,2025-04-21,777.55
1571,132,2026-01-21,757.52
1572,430,2025-03-05,676.62
1573,447,2026-02-03,43.54
1574,193,2026-02-14,855.78
1575,349,2025-10-20,784.78
1576,464,2025-11-24,845.99
1577,431,2025-09-26,598.14
1578,388,2025-09-23,508.15
1579,192,2025-12-20,865.18
1580,70,2025-11-14,184.92
1581,112,2025-05-05,848.4
1582,285,2025-04-02,538.13
1583,5,2025-10-01,149.52
1584,206,2026-02-15,535.08
1585,251,2025-07-23,601.5
1586,477,2025-07-22,966.47
1587,459,2025-04-04,116.46
1588,28,2025-11-28,150.54
1589,483,2025-08-10,911.12
1590,164,2025-04-06,634.45
1591,177,2026-03-03,456.79
1592,360,2025-07-21,67.32
1593,234,2025-12-31,454.49
1594,375,2025-05-26,520.97
1595,39,2025-05-09,627.96
1596,471,2026-01-21,754.13
1597,445,2025-04-30,192.58
1598,360,2025-03-08,296.64
1599,478,2025-03-27,130.32
1600,447,2025-08-23,593.95
1601,312,2025-11-23,963.02
1602,478,2025-12-11,674.27
1603,65,2025-12-19,69.21
1604,252,2025-08-06,674.2
1605,389,2025-07-11,473.14
1606,158,2025-09-29,339.11
1607,21,2025-05-04,988.5
1608,409,2025-06-10,536.05
1609,310,2026-01-14,599.59
1610,145,2025-03-29,219.2
1611,272,2025-05-07,115.93
1612,453,2025-03-17,935.12
1613,60,2025-10-05,334.64
1614,462,2026-02-22,910.21
1615,320,2025-10-13,790.24
1616,303,2025-08-21,331.16
1617,59,2025-03-25,505.51
1618,174,2025-05-15,423.49
1619,20,2025-08-28,600.18
1620,299,2025-09-18,497.06
1621,474,2025-04-22,796.78
1622,363,2026-02-26,947.64
1623,427,2025-05-08,815.01
1624,367,2025-05-20,929.05
1625,178,2025-07-30,864.24
1626,224,2025-03-05,195.59
1627,22,2025-06-14,184.89
1628,191,2025-05-24,898.7
1629,57,2025-04-26,894.21
1630,448,2025-09-11,126.02
1631,121,2025-04-08,803.52
1632,478,2025-11-04,107.32
1633,370,2025-12-05,910.22
1634,484,2025-04-06,727.44
1635,250,2026-01-05,657.1
1636,133,2025-05-30,363.24
1637,346,2026-03-04,446.9
1638,149,2026-01-02,113.36
1639,266,2025-10-24,897.7
1640,422,2025-07-14,85.79
1641,378,2025-03-10,38.34
1642,26,2025-05-27,622.18
1643,416,2025-10-19,113.3
1644,399,2025-07-15,188.8
1645,104,2025-12-14,847.65
1646,29,2025-12-01,571.39
1647,179,2025-07-18,550.83
1648,289,2026-01-18,977.74
1649,199,2025-07-06,109.23
1650,472,2025-09-27,916.43
1651,476,2025-09-08,172.86
1652,291,2025-03-30,716.41
1653,199,2025-09-25,402.88
1654,128,2025-10-14,578.54
1655,380,2025-04-01,601.82
1656,254,2025-09-09,852.23
1657,447,2025-08-12,534.35
1658,69,2025-03-16,710.59
1659,427,2025-03-20,230.97
1660,285,2025-04-21,610.32
1661,107,2025-03-12,358.2
1662,361,2025-06-27,59.06
1663,363,2025-08-01,541.64
1664,118,2025-08-28,326.56
1665,290,2025-10-19,435.29
1666,123,2026-01-01,148.43
1667,181,2026-03-05,26.89
1668,145,2025-04-29,256.14
1669,415,2025-11-11,713.18
1670,320,2025-12-15,804.7
1671,69,2025-12-19,784.01
1672,155,2025-08-05,733.79
1673,45,2025-10-25,520.2
1674,53,2025-11-28,822.37
1675,205,2025-08-21,37.4
1676,54,2025-12-22,978.52
1677,327,2025-08-13,174.97
1678,184,2025-07-10,719.58
1679,268,2025-12-10,597.11
1680,308,2025-06-30,800.51
1681,11,2025-07-22,317.33
1682,265,2025-11-07,52.51
1683,53,2025-07-19,341.64
1684,442,2025-08-24,742.24
1685,84,2025-10-11,829.23
1686,428,2025-03-28,708.37
1687,480,2026-01-15,628.33
1688,180,2025-08-08,800.39
1689,448,2025-04-25,525.86
1690,419,2025-07-13,516.05
1691,337,2026-01-29,599.3
1692,408,2026-02-28,248.64
1693,301,2025-04-18,205.58
1694,322,2025-03-31,696.01
1695,289,2025-05-17,243.46
1696,444,2025-03-24,101.12
1697,66,2026-02-13,200.27
1698,445,2025-07-22,988.28
1699,96,2025-03-22,416.16
1700,464,2025-10-01,703.49
1701,224,2025-06-06,659.47
1702,123,2025-12-29,229.05
1703,92,2025-09-29,302.62
1704,310,2025-05-30,944.69
1705,170,2026-01-08,640.96
1706,280,2026-01-21,192.27
1707,92,2025-11-04,750.01
1708,104,2025-07-27,498.81
1709,461,2025-09-20,964.73
1710,103,2025-12-17,528.76
1711,253,2025-04-04,744.21
1712,66,2025-10-14,102.09
1713,3,2025-09-27,947.61
1714,429,2025-05-22,331.5
1715,437,2025-11-16,221.6
1716,483,2025-08-08,731.12
1717,274,2025-11-20,53.1
1718,92,2025-12-08,903.64
1719,311,2025-12-26,744.26
1720,488,2025-11-20,471.32
1721,275,2025-07-16,198.72
1722,325,2025-09-24,959.53
1723,392,2025-05-10,209.38
1724,19,2026-01-31,848.83
1725,348,2025-04-08,45.67
1726,293,2025-07-08,727.88
1727,50,2026-02-12,609.15
1728,99,2025-03-31,114.66
1729,475,2025-10-29,762.95
1730,424,2025-08-07,47.18
1731,454,2025-12-19,78.03
1732,134,2026-01-29,190.74
1733,407,2025-08-10,158.94
1734,286,2025-07-24,451.52
1735,32,2026-01-18,20.93
1736,194,2025-05-23,517.6
1737,298,2025-11-25,819.28
1738,341,2026-01-18,776.98
1739,404,2025-09-25,960.61
1740,413,2025-10-25,673.01
1741,482,2026-01-24,35.56
1742,430,2025-10-07,780.6
1743,49,2025-12-11,353.65
1744,75,2026-01-19,516.24
1745,265,2025-11-07,245.95
1746,383,2025-11-08,443.53
1747,234,2025-12-28,436.33
1748,122,2025-05-06,242.37
1749,156,2026-01-16,275.42
1750,350,2025-03-05,696.92
1751,289,2025-09-13,342.82
1752,245,2025-05-09,822.71
1753,86,2025-10-08,674.48
1754,463,2025-07-26,964.42
1755,223,2025-09-29,125.7
1756,427,2025-07-24,512.07
1757,478,2025-07-30,72.19
1758,1,2026-03-04,580.17
1759,332,2025-10-26,981.31
1760,228,2025-05-03,232.63
1761,172,2025-07-26,997.57
1762,70,2025-04-06,565.86
1763,97,2025-06-05,203.83
1764,192,2025-09-26,530.97
1765,114,2025-04-08,263.42
1766,458,2025-04-02,123.74
1767,31,2025-03-14,963.2
1768,41,2025-05-30,932.51
1769,491,2025-11-03,758.43
1770,359,2025-09-17,702.3
1771,404,2025-04-01,233.72
1772,467,2025-12-19,787.98
1773,77,2025-08-01,943.42
1774,416,2025-06-13,873.84
1775,25,2025-12-19,190.35
1776,446,2025-10-29,831.31
1777,65,2025-03-11,384.11
1778,284,2025-12-15,445.2
1779,363,2025-10-06,936.19
1780,284,2026-02-21,859.51
1781,304,2025-07-14,928.22
1782,224,2025-09-22,693.06
1783,172,2026-01-28,634.32
1784,71,2026-01-30,585.49
1785,199,2025-07-09,271.0
1786,482,2025-04-27,226.32
1787,212,2026-02-21,229.82
1788,201,2025-08-19,989.45
1789,104,2025-11-25,960.62
1790,248,2025-08-09,592.92
1791,288,2025-05-05,103.92
1792,184,2025-10-01,748.59
1793,438,2025-04-23,214.66
1794,78,2025-03-21,764.32
1795,151,2025-10-31,342.87
1796,254,2025-12-03,436.67
1797,342,2025-09-02,87.23
1798,145,2025-05-16,754.15
1799,193,2025-05-06,663.44
1800,169,2025-12-03,23.85
1801,225,2026-02-07,449.34
1802,202,2025-12-13,590.15
1803,250,2025-09-19,631.52
1804,474,2025-05-20,617.13
1805,460,2025-12-02,869.65
1806,86,2025-04-09,816.59
1807,487,2025-04-12,124.31
1808,444,2025-03-09,920.64
1809,26,2025-09-20,526.91
1810,259,2025-07-29,978.17
1811,216,2025-12-17,205.75
1812,419,2025-12-28,147.1
1813,132,2026-01-06,396.46
1814,172,2025-08-10,763.42
1815,49,2025-05-28,443.05
1816,432,2026-02-22,914.86
1817,53,2025-12-31,441.94
1818,236,2026-01-28,826.37
1819,349,2026-02-20,590.07
1820,371,2025-03-21,314.29
1821,424,2025-07-13,538.92
1822,336,2025-04-13,111.5
1823,389,2025-05-27,778.16
1824,280,2025-10-03,391.69
1825,221,2026-01-26,701.58
1826,206,2025-08-27,110.26
1827,391,2025-03-11,887.78
1828,205,2025-05-19,978.41
1829,465,2025-08-26,761.49
1830,338,2025-11-23,633.96
1831,343,2025-07-08,921.07
1832,475,2025-07-14,355.78
1833,174,2025-09-30,296.32
1834,73,2025-10-26,376.63
1835,242,2025-08-29,314.11
1836,94,2026-02-15,83.07
1837,354,2025-05-13,707.25
1838,187,2025-12-26,191.86
1839,343,2025-11-17,873.48
1840,6,2025-06-10,70.24
1841,60,2025-07-05,706.51
1842,67,2026-01-26,39.71
1843,93,2025-11-17,589.24
1844,19,2025-11-26,360.13
1845,301,2025-03-24,409.54
1846,208,2026-02-07,421.39
1847,206,2025-12-07,919.32
1848,439,2026-01-05,645.74
1849,263,2025-07-02,792.69
1850,93,2025-09-27,770.15
1851,98,2025-04-01,110.14
1852,158,2025-08-26,122.39
1853,94,2026-01-21,676.44
1854,249,2025-06-22,329.93
1855,319,2026-02-01,739.26
1856,325,2025-12-08,541.76
1857,352,2025-10-28,714.08
1858,141,2025-03-08,561.29
1859,381,2026-02-16,662.5
1860,71,2025-09-04,334.12
1861,177,2025-06-19,480.65
1862,109,2025-10-26,797.66
1863,174,2025-05-21,560.94
1864,347,2025-05-01,58.29
1865,89,2025-08-02,59.77
1866,198,2025-10-01,586.66
1867,434,2025-10-14,756.71
1868,306,2025-08-03,997.46
1869,105,2025-10-18,207.16
1870,76,2025-06-05,405.09
1871,264,2025-12-23,403.94
1872,126,2025-09-10,627.77
1873,406,2025-06-12,280.78
1874,352,2026-01-27,782.51
1875,15,2026-02-21,297.63
1876,67,2025-07-21,23.61
1877,160,2025-10-11,613.69
1878,308,2025-07-18,919.12
1879,160,2025-12-16,426.16
1880,307,2025-06-21,265.93
1881,376,2025-05-27,179.11
1882,318,2025-08-28,421.74
1883,429,2026-01-07,75.83
1884,251,2026-02-24,325.21
1885,411,2026-01-11,595.94
1886,293,2025-10-16,549.29
1887,178,2025-09-09,927.35
1888,118,2025-12-28,894.05
1889,70,2025-06-20,515.54
1890,261,2025-03-31,879.8
1891,353,2025-10-31,987.13
1892,277,2025-10-31,738.94
1893,434,2025-03-31,623.73
1894,477,2026-02-12,932.51
1895,102,2025-10-20,243.48
1896,397,2025-06-15,868.46
1897,351,2025-09-16,483.58
1898,344,2026-02-11,217.13
1899,382,2025-05-28,356.37
1900,460,2025-07-12,329.06
1901,152,2025-05-06,724.26
1902,191,2025-12-29,197.39
1903,111,2025-08-13,312.87
1904,264,2025-12-29,977.03
1905,245,2025-11-28,361.88
1906,295,2025-06-24,166.2
1907,52,2025-07-19,394.86
1908,302,2026-01-28,637.8
1909,458,2025-09-03,798.64
1910,447,2025-11-29,104.59
1911,151,2026-01-21,51.99
1912,96,2025-07-12,202.72
1913,348,2026-03-05,624.76
1914,426,2025-06-13,362.13
1915,447,2025-07-23,280.13
1916,216,2025-03-23,908.62
1917,125,2025-05-10,478.82
1918,17,2026-01-04,967.26
1919,403,2025-07-15,639.27
1920,391,2025-08-15,833.8
1921,211,2025-05-31,218.23
1922,304,2025-03-31,903.95
1923,294,2025-05-01,675.15
1924,241,2025-05-13,930.67
1925,287,2025-10-15,925.58
1926,26,2025-12-22,771.76
1927,27,2025-04-25,730.48
1928,463,2025-10-26,759.45
1929,171,2025-11-13,582.25
1930,67,2025-12-31,963.15
1931,309,2025-04-26,58.35
1932,82,2026-02-08,958.23
1933,265,2026-02-12,624.87
1934,329,2025-06-23,613.88
1935,315,2025-05-21,191.55
1936,178,2025-10-15,965.93
1937,274,2025-10-27,789.09
1938,208,2025-09-15,83.0
1939,14,2025-10-06,460.52
1940,440,2025-07-28,206.26
1941,304,2025-03-20,644.52
1942,299,2025-04-03,974.34
1943,95,2025-04-17,645.47
1944,483,2025-09-01,450.36
1945,494,2025-08-25,574.11
1946,208,2025-05-21,743.59
1947,228,2025-06-17,29.77
1948,482,2026-02-09,466.55
1949,435,2025-09-30,342.31
1950,53,2026-01-01,50.4
1951,355,2026-02-20,70.92
1952,237,2025-08-28,274.67
1953,319,2025-09-19,906.61
1954,445,2025-07-31,445.98
1955,188,2025-03-13,372.16
1956,401,2025-05-02,262.83
1957,184,2025-03-31,99.58
1958,23,2025-12-09,450.14
1959,133,2025-04-19,848.0
1960,351,2025-08-19,89.06
1961,139,2025-05-17,854.92
1962,123,2025-04-02,355.33
1963,404,2025-05-23,373.95
1964,425,2025-06-08,756.02
1965,188,2025-12-27,79.95
1966,485,2025-07-27,249.9
1967,143,2025-05-21,367.05
1968,420,2025-08-22,623.73
1969,293,2025-06-05,323.43
1970,190,2025-08-08,295.22
1971,154,2025-05-14,637.43
1972,66,2026-02-23,123.04
1973,445,2025-06-06,714.93
1974,275,2025-10-15,435.9
1975,19,2025-12-13,178.42
1976,64,2025-08-18,303.68
1977,431,2025-03-21,138.63
1978,58,2026-01-14,202.32
1979,80,2026-03-04,429.35
1980,367,2025-08-09,811.78
1981,300,2025-08-18,324.43
1982,18,2025-11-04,199.54
1983,372,2025-10-28,580.06
1984,215,2025-07-09,92.08
1985,8,2025-03-24,581.4
1986,307,2025-03-26,366.66
1987,145,2025-09-05,348.14
1988,273,2025-05-17,29.92
1989,10,2025-04-24,385.84
1990,457,2025-07-11,126.4
1991,3,2025-07-14,894.75
1992,125,2026-01-20,861.67
1993,368,2026-02-06,914.0
1994,152,2026-01-14,551.67
1995,378,2025-06-06,33.79
1996,387,2025-03-19,768.25
1997,67,2025-08-27,50.75
1998,54,2026-01-05,971.56
1999,196,2026-01-17,153.91
2000,235,2025-05-14,660.65
