order_item_id,order_id,product_id,quantity,price
1,1016,20,3,189.4
2,1062,10,3,256.58
3,1299,3,3,307.81
4,1029,38,2,366.2
5,1818,25,4,72.91
6,507,12,1,399.14
7,518,50,1,388.53
8,521,47,1,29.15
9,1821,49,2,87.76
10,1197,39,4,210.68
11,1369,47,2,188.28
12,1116,29,5,417.37
13,1737,29,4,412.32
14,840,49,1,69.88
15,1335,31,3,490.98
16,1310,41,2,191.87
17,1347,47,1,462.65
18,969,8,3,167.26
19,1683,38,1,54.38
20,1721,12,4,488.23
21,1436,45,4,365.45
22,1648,32,5,437.78
23,1452,35,5,473.62
24,1467,16,2,271.06
25,433,29,3,261.52
26,1839,6,1,411.29
27,1924,11,5,444.02
28,392,16,3,219.95
29,473,6,4,496.66
30,1784,6,3,433.59
31,441,49,3,200.92
32,861,21,3,307.36
33,1849,16,4,172.26
34,654,8,5,497.87
35,1986,25,3,303.77
36,1255,38,1,209.54
37,17,23,3,313.22
38,1251,27,2,301.56
39,715,39,3,361.54
40,1256,44,4,87.48
41,782,18,5,93.1
42,1373,9,4,225.92
43,1420,47,2,381.96
44,1770,43,1,473.02
45,866,18,1,401.13
46,1276,7,3,469.27
47,947,32,2,60.65
48,1869,15,2,138.1
49,1396,22,5,447.06
50,1107,34,5,497.28
51,99,45,2,388.76
52,1742,22,4,310.61
53,1359,3,4,230.74
54,114,37,4,168.93
55,1163,4,4,424.9
56,1298,9,3,171.12
57,1185,37,3,110.74
58,1477,26,4,375.95
59,858,36,2,253.56
60,172,7,4,59.27
61,1498,41,1,360.29
62,1112,11,1,282.51
63,1326,46,1,342.83
64,984,15,3,395.36
65,1793,12,4,300.23
66,899,48,3,247.83
67,442,24,1,367.68
68,1702,32,4,359.27
69,1171,40,2,338.8
70,388,15,5,134.83
71,1541,1,2,116.23
72,1305,22,3,35.25
73,1608,22,4,357.59
74,798,2,5,208.83
75,799,13,4,210.76
76,1583,30,2,424.78
77,965,38,3,48.38
78,1101,7,5,91.88
79,834,34,1,135.15
80,418,33,3,244.32
81,182,8,4,250.62
82,1819,9,3,96.09
83,1943,38,3,441.91
84,832,11,4,300.68
85,1235,14,5,327.85
86,2,35,3,471.46
87,414,43,4,293.5
88,658,29,3,371.45
89,421,23,3,245.19
90,54,26,5,430.32
91,1893,48,5,281.63
92,1770,13,2,180.67
93,273,6,1,75.6
94,1161,2,2,462.89
95,1511,15,2,476.19
96,1814,46,1,80.27
97,1118,2,2,254.79
98,1465,4,1,426.29
99,1597,38,1,112.68
100,1938,29,3,267.89
101,1965,12,1,11.74
102,1693,13,3,52.28
103,967,27,2,498.61
104,1418,50,4,435.54
105,1114,6,3,332.01
106,1345,22,1,413.14
107,1089,2,3,272.57
108,1495,14,4,465.36
109,340,38,5,267.63
110,508,50,2,373.5
111,1388,1,4,79.78
112,873,48,1,96.57
113,1918,4,3,472.0
114,1886,8,2,430.33
115,990,12,1,252.51
116,1971,20,5,99.51
117,977,19,5,263.65
118,1535,36,1,98.02
119,1552,17,5,401.51
120,1385,2,1,204.14
121,449,32,5,468.58
122,1391,1,4,17.6
123,881,32,4,246.24
124,736,18,1,353.02
125,673,16,5,180.35
126,1119,40,1,320.33
127,1604,15,5,348.67
128,84,35,5,206.87
129,1797,46,3,412.74
130,1154,13,1,243.79
131,464,11,4,388.23
132,794,49,3,428.03
133,736,20,3,283.91
134,318,35,4,281.8
135,761,22,3,64.8
136,1907,4,3,251.98
137,4,11,4,172.75
138,1017,25,5,405.58
139,1769,8,4,197.65
140,36,30,2,223.82
141,1693,3,5,108.99
142,155,17,5,123.42
143,505,15,5,179.77
144,1,21,4,20.33
145,612,34,5,51.01
146,1048,1,1,462.5
147,1646,37,1,251.45
148,359,11,1,344.92
149,1490,7,3,436.85
150,529,35,4,332.05
151,928,2,2,284.98
152,1922,9,1,384.12
153,24,44,1,65.32
154,331,33,1,307.56
155,473,17,5,162.45
156,1793,34,4,55.01
157,1711,27,4,85.48
158,1703,42,2,286.12
159,1614,48,2,458.92
160,1788,23,1,200.29
161,1939,24,2,399.93
162,911,1,5,109.04
163,663,33,2,158.52
164,1977,45,3,179.43
165,1810,4,2,382.48
166,1304,24,1,155.56
167,915,19,5,362.83
168,1443,11,3,292.03
169,1099,47,4,438.55
170,834,46,5,236.18
171,1491,1,1,436.57
172,356,13,2,42.38
173,222,6,3,191.49
174,1125,40,1,289.87
175,472,16,3,444.19
176,1125,13,3,287.18
177,1943,38,3,393.8
178,70,14,3,182.39
179,884,33,5,30.64
180,43,29,3,404.49
181,1609,30,2,331.85
182,1655,26,4,130.53
183,1852,16,5,54.0
184,905,6,2,221.88
185,615,40,4,174.73
186,1805,3,1,256.04
187,468,43,4,372.13
188,1122,16,3,38.45
189,28,20,4,408.92
190,159,19,3,281.88
191,462,47,5,251.6
192,1115,44,3,45.76
193,668,11,3,35.04
194,263,12,5,360.99
195,1583,3,3,77.27
196,824,35,2,276.89
197,767,47,4,117.59
198,1046,44,2,198.44
199,1573,17,4,297.3
200,1698,26,1,267.14
201,56,2,1,65.05
202,90,16,3,52.37
203,1081,16,1,395.48
204,702,1,1,13.97
205,1173,18,1,283.84
206,1106,42,5,31.06
207,1884,26,2,351.09
208,1726,41,5,320.27
209,972,3,5,400.85
210,975,6,3,452.68
211,834,18,1,243.36
212,1970,44,1,276.06
213,388,13,4,201.44
214,985,42,2,86.09
215,1957,1,4,398.61
216,1498,2,3,157.03
217,464,46,3,16.86
218,1249,24,5,256.2
219,143,44,1,418.09
220,1481,24,5,378.57
221,1716,28,2,473.33
222,369,47,2,78.3
223,954,9,2,122.49
224,224,4,5,313.96
225,1369,22,1,305.54
226,565,40,4,399.07
227,1066,37,2,467.05
228,270,10,5,206.8
229,835,29,4,433.01
230,1135,46,5,117.9
231,938,32,4,23.28
232,656,18,2,181.91
233,956,18,1,163.39
234,1409,29,2,298.78
235,1614,44,3,325.58
236,35,33,4,358.66
237,864,25,2,130.95
238,1205,9,3,267.95
239,1283,7,4,54.98
240,1242,7,5,459.98
241,1671,16,4,56.93
242,125,14,4,487.85
243,1942,17,2,433.03
244,589,50,1,277.43
245,340,11,2,471.59
246,1232,19,3,288.11
247,1085,43,2,94.85
248,949,24,2,315.84
249,1704,21,2,302.76
250,97,8,4,89.12
251,248,26,2,394.08
252,735,32,3,483.89
253,1249,1,5,194.1
254,758,13,1,34.98
255,1744,18,5,45.33
256,1669,19,2,282.84
257,392,29,1,382.83
258,507,24,3,497.2
259,1859,15,4,130.36
260,806,49,5,131.59
261,1561,15,2,402.74
262,1740,15,4,53.76
263,1077,14,3,484.02
264,1031,50,2,434.84
265,1754,2,2,158.58
266,1944,31,3,62.32
267,735,48,1,40.45
268,1107,17,5,412.97
269,830,33,2,410.31
270,781,1,2,323.81
271,1216,20,3,303.05
272,676,28,4,383.64
273,1540,39,5,144.08
274,1587,1,3,377.15
275,427,6,2,463.31
276,1834,41,5,29.48
277,734,48,2,367.66
278,1390,42,3,255.19
279,911,6,4,466.07
280,707,39,3,340.85
281,682,25,1,455.82
282,1295,5,2,266.53
283,992,36,2,429.91
284,960,23,1,282.49
285,144,12,4,352.73
286,897,39,4,213.84
287,334,38,1,53.74
288,97,9,3,341.47
289,337,44,1,90.44
290,1387,29,2,229.91
291,304,19,3,296.06
292,1908,43,5,35.19
293,284,26,2,382.01
294,397,36,5,31.68
295,816,46,3,43.45
296,1540,3,5,375.57
297,179,10,4,92.33
298,1900,7,5,187.17
299,1066,10,1,425.23
300,1106,16,2,117.35
301,1940,20,2,100.19
302,471,37,3,484.17
303,1830,38,4,71.82
304,1853,39,5,22.8
305,623,45,1,89.85
306,948,49,5,123.65
307,1268,33,5,427.49
308,1431,35,2,70.62
309,300,20,5,350.59
310,840,24,3,400.92
311,1223,8,5,322.28
312,1622,14,5,79.21
313,855,33,4,21.04
314,1462,27,5,262.84
315,1920,30,3,345.46
316,891,32,4,284.52
317,1666,25,3,58.11
318,1212,41,1,499.03
319,925,27,2,244.65
320,735,47,1,241.47
321,554,9,1,101.85
322,608,35,1,466.09
323,1462,43,5,300.83
324,1530,41,1,197.64
325,752,30,4,478.91
326,133,49,2,373.08
327,1916,16,5,374.13
328,1053,44,2,436.41
329,1277,31,5,100.39
330,569,11,3,417.48
331,205,10,1,389.16
332,645,3,2,490.01
333,379,15,4,117.7
334,552,20,3,419.58
335,1540,11,4,164.7
336,1513,18,2,344.25
337,1951,43,4,89.56
338,901,1,3,463.04
339,1477,37,1,458.7
340,1800,41,2,142.38
341,1674,23,4,479.69
342,1204,6,2,427.8
343,1400,49,5,248.84
344,156,14,1,349.3
345,131,38,4,479.29
346,601,35,2,49.64
347,1722,42,4,255.97
348,672,30,4,28.06
349,162,24,5,490.73
350,1258,20,5,305.68
351,405,24,5,436.66
352,739,28,5,137.83
353,1112,30,1,125.99
354,189,46,3,296.99
355,366,32,1,378.34
356,1230,9,3,439.17
357,1160,3,4,450.82
358,1773,39,2,469.35
359,1974,14,4,256.2
360,390,39,1,432.52
361,884,28,4,401.32
362,1371,19,2,428.7
363,1490,47,4,493.13
364,593,29,1,40.46
365,1491,3,3,192.54
366,1831,44,1,216.65
367,228,17,2,72.98
368,1137,14,3,97.71
369,1075,11,1,379.69
370,1615,5,4,207.81
371,1669,29,5,416.21
372,207,35,5,222.37
373,404,40,5,164.34
374,68,16,3,451.76
375,975,15,5,30.65
376,535,18,2,279.53
377,1402,37,3,464.54
378,1372,25,2,281.17
379,400,25,4,94.34
380,1965,2,5,191.04
381,905,38,4,271.31
382,452,28,1,53.64
383,385,24,5,85.14
384,38,13,2,310.21
385,1439,25,3,405.16
386,1083,41,4,405.75
387,208,41,1,171.49
388,1006,30,1,235.9
389,738,25,3,150.39
390,1060,44,1,424.81
391,1141,28,2,315.78
392,588,17,1,178.77
393,1941,12,4,419.69
394,1737,6,1,453.32
395,1743,17,3,329.08
396,659,40,1,255.44
397,87,29,3,398.0
398,1183,19,2,48.39
399,1430,9,2,248.4
400,452,11,2,427.12
401,343,8,3,278.61
402,976,31,1,435.47
403,1666,14,5,108.6
404,1892,6,5,129.72
405,1486,23,3,298.49
406,1190,46,4,191.55
407,286,42,3,369.55
408,316,46,3,154.64
409,608,15,2,181.32
410,1521,47,4,421.84
411,179,25,3,476.23
412,366,26,5,101.11
413,900,11,3,230.53
414,1812,29,4,181.74
415,594,23,5,50.42
416,510,31,5,66.75
417,1754,18,1,163.07
418,686,24,1,176.96
419,894,50,4,78.73
420,1573,17,5,288.14
421,1532,17,3,93.72
422,784,42,2,260.65
423,1269,30,2,112.14
424,637,31,4,306.09
425,465,16,1,290.86
426,1271,12,2,278.03
427,1392,46,5,125.89
428,1379,3,1,388.86
429,1030,15,1,282.05
430,1018,50,1,158.67
431,964,45,2,97.39
432,1694,49,3,280.27
433,840,5,1,223.62
434,1364,27,1,194.76
435,272,47,5,445.21
436,1646,41,5,195.98
437,417,15,4,347.16
438,1491,2,1,362.35
439,1607,26,2,281.34
440,1149,42,5,308.34
441,459,6,2,204.43
442,1991,40,3,234.41
443,1791,28,5,24.72
444,1211,42,2,323.65
445,1257,4,4,242.51
446,321,33,4,206.09
447,1216,39,4,362.33
448,1726,5,1,406.35
449,491,48,5,95.01
450,859,27,5,133.68
451,1458,42,1,398.42
452,1000,14,2,249.78
453,727,48,5,437.19
454,1715,35,2,143.29
455,372,28,3,105.05
456,1669,46,5,77.49
457,612,9,5,282.27
458,1510,21,1,240.39
459,485,15,3,206.8
460,331,23,5,399.08
461,915,23,5,348.85
462,1324,36,3,350.22
463,398,38,5,280.37
464,1987,41,3,462.59
465,1962,4,4,53.45
466,144,47,3,211.64
467,166,21,4,269.58
468,1146,2,2,404.08
469,578,35,4,54.36
470,1377,19,2,63.1
471,192,11,3,406.6
472,1318,49,1,122.54
473,815,14,2,400.47
474,717,5,4,364.47
475,764,39,1,193.4
476,124,1,4,254.81
477,16,8,5,103.56
478,1760,24,4,61.92
479,878,28,4,300.74
480,1013,32,1,282.08
481,635,41,4,236.19
482,400,31,2,493.43
483,1244,40,4,486.11
484,575,15,1,410.27
485,1706,26,5,499.88
486,1907,41,1,443.19
487,611,4,4,154.35
488,1127,22,2,110.71
489,608,20,3,185.91
490,1042,27,4,139.74
491,1231,7,5,123.8
492,259,2,4,238.53
493,146,27,1,18.37
494,317,33,2,297.72
495,1822,36,2,199.58
496,559,2,3,207.61
497,492,14,2,492.61
498,1641,17,1,148.41
499,1081,30,1,186.41
500,771,10,4,246.74
501,1902,5,5,74.32
502,628,28,2,481.94
503,762,4,5,45.41
504,26,9,4,153.08
505,272,36,2,65.68
506,1692,21,1,176.86
507,33,5,2,271.05
508,397,16,4,137.9
509,121,37,3,453.12
510,393,39,5,275.77
511,1303,10,5,267.25
512,1342,41,2,457.98
513,1401,30,1,315.12
514,606,16,3,367.81
515,817,33,4,269.54
516,1023,13,5,344.93
517,1743,18,5,258.42
518,1338,6,2,349.85
519,888,34,1,71.87
520,274,28,4,218.89
521,501,46,5,463.6
522,1963,13,2,372.13
523,1390,17,4,407.57
524,961,37,3,385.46
525,1237,47,3,385.05
526,1882,14,2,281.26
527,1159,41,2,333.65
528,1074,43,5,320.16
529,285,28,2,397.41
530,857,10,2,417.7
531,197,30,4,398.29
532,337,1,5,430.94
533,767,8,3,311.15
534,720,8,2,176.82
535,1395,47,3,267.82
536,1302,34,3,219.31
537,1337,28,5,427.81
538,1479,50,1,325.06
539,1357,11,5,95.07
540,81,23,4,204.1
541,1075,7,5,43.77
542,362,8,2,499.5
543,356,18,1,373.44
544,1500,31,3,440.61
545,573,18,3,464.46
546,1469,34,1,420.51
547,809,1,2,419.04
548,1092,25,4,346.62
549,579,21,2,317.12
550,1041,12,1,21.95
551,1802,39,2,219.02
552,732,20,1,379.44
553,361,46,4,297.02
554,676,8,2,261.77
555,1901,22,2,387.54
556,1003,18,4,415.33
557,1590,39,5,221.2
558,969,38,5,85.92
559,272,33,4,467.16
560,1748,14,2,244.21
561,1644,29,1,197.06
562,893,7,1,149.6
563,317,21,1,498.05
564,227,4,1,268.21
565,1921,28,4,172.35
566,907,2,3,379.61
567,736,37,4,401.53
568,852,9,2,409.39
569,103,5,1,325.27
570,387,11,2,321.06
571,927,41,5,29.48
572,99,19,5,318.75
573,752,43,1,438.98
574,448,14,2,412.62
575,992,7,3,134.78
576,552,13,5,163.58
577,1217,30,5,44.58
578,1208,34,1,114.18
579,1719,4,3,371.62
580,1879,50,3,349.87
581,816,39,1,467.56
582,780,6,2,333.73
583,973,45,5,28.66
584,317,50,2,424.34
585,425,14,2,14.38
586,1865,29,4,327.79
587,1002,35,1,128.66
588,498,6,2,180.54
589,1324,19,2,396.89
590,1273,22,1,381.9
591,618,23,2,376.16
592,1510,10,5,444.53
593,1318,33,1,102.37
594,971,31,4,24.49
595,1140,9,5,435.51
596,621,14,2,107.76
597,1889,6,4,234.26
598,1643,36,2,139.63
599,1917,17,4,167.62
600,1847,15,2,82.99
601,1371,25,3,384.3
602,1241,18,1,45.67
603,1162,20,4,57.12
604,952,32,2,218.11
605,1778,45,1,409.64
606,1735,37,3,379.77
607,1463,47,1,385.5
608,677,31,5,357.14
609,503,10,2,327.74
610,1986,28,1,429.5
611,268,34,1,202.5
612,1467,38,5,51.37
613,990,42,3,479.56
614,1760,25,1,111.2
615,870,41,5,26.69
616,778,9,3,395.32
617,911,14,3,356.89
618,783,11,2,473.23
619,669,22,3,432.07
620,1807,38,2,373.25
621,738,44,2,307.37
622,1416,8,3,478.74
623,828,46,3,91.4
624,804,50,1,19.44
625,1093,41,2,232.69
626,1356,42,5,20.22
627,264,10,1,417.45
628,1672,31,4,58.4
629,826,5,3,268.48
630,1091,8,1,36.63
631,364,49,4,327.28
632,1235,15,1,75.51
633,984,21,1,426.26
634,1901,21,5,43.01
635,808,5,3,220.16
636,993,10,1,13.77
637,162,1,4,338.14
638,1836,4,4,139.68
639,1531,50,4,30.29
640,199,42,1,190.84
641,22,18,2,461.33
642,196,8,5,262.51
643,1215,28,3,170.73
644,1304,50,4,341.38
645,1771,5,3,354.14
646,59,21,4,24.91
647,58,30,4,13.3
648,8,50,1,337.51
649,609,29,5,74.22
650,13,37,3,216.88
651,1251,37,3,286.32
652,1521,5,3,242.31
653,1078,28,3,473.36
654,1293,20,1,262.64
655,363,25,2,175.19
656,355,10,1,374.65
657,780,22,5,25.85
658,1809,26,1,410.66
659,1474,8,4,223.43
660,830,35,1,112.69
661,1994,34,2,262.57
662,316,7,2,243.35
663,1085,25,1,316.04
664,737,24,3,446.75
665,843,13,2,434.49
666,208,18,3,20.14
667,392,30,2,18.01
668,354,44,2,229.42
669,468,30,2,49.38
670,503,19,1,275.57
671,707,35,4,430.68
672,1113,2,5,56.32
673,571,27,2,151.06
674,1028,38,1,476.91
675,917,11,3,83.79
676,1221,29,5,252.34
677,1781,27,4,244.83
678,470,45,4,441.45
679,1185,9,2,163.04
680,906,23,2,324.22
681,1859,25,2,483.21
682,1899,23,2,208.54
683,1847,18,3,13.69
684,1967,44,2,215.23
685,483,41,2,230.24
686,513,33,4,281.37
687,165,38,4,377.26
688,1427,12,1,360.24
689,441,39,3,72.24
690,741,46,4,154.46
691,1987,37,3,413.39
692,1946,6,3,282.63
693,1858,46,5,320.02
694,1641,31,4,149.87
695,307,8,2,66.7
696,1706,12,2,425.66
697,1109,14,5,395.11
698,1837,22,4,18.86
699,879,7,1,108.76
700,689,3,1,283.2
701,700,31,5,95.3
702,790,1,4,312.35
703,516,19,3,327.7
704,1023,20,2,389.75
705,1799,35,1,111.59
706,1092,43,1,188.1
707,45,39,5,353.46
708,1739,44,3,473.38
709,645,18,1,119.98
710,110,2,4,104.88
711,118,49,5,419.89
712,740,11,5,152.39
713,1243,32,4,405.05
714,1714,45,4,33.58
715,1846,22,3,36.55
716,712,30,1,282.76
717,117,31,5,10.38
718,1415,31,3,445.22
719,790,35,5,497.7
720,806,34,5,186.44
721,222,37,1,396.37
722,1798,44,3,326.62
723,1514,38,4,297.41
724,1484,17,2,170.98
725,1044,29,4,122.9
726,578,48,1,372.68
727,1672,29,3,188.4
728,706,45,3,373.67
729,1790,2,5,160.72
730,1690,24,1,12.6
731,251,17,2,347.97
732,850,47,3,349.23
733,857,12,5,341.53
734,213,18,1,431.27
735,1444,1,1,446.97
736,86,34,2,189.53
737,1777,4,5,193.35
738,1110,7,3,255.66
739,1545,9,4,44.88
740,853,26,1,492.98
741,833,33,1,335.84
742,1970,32,1,261.93
743,1868,21,4,13.51
744,1127,40,3,115.65
745,680,9,5,213.96
746,1607,40,1,103.29
747,1173,3,1,29.51
748,1314,45,1,259.34
749,400,30,2,135.51
750,1004,28,1,394.08
751,1322,30,3,418.06
752,1108,39,1,238.51
753,1107,41,3,287.59
754,1422,14,1,270.22
755,1226,29,2,266.97
756,1864,1,1,442.0
757,82,10,4,342.27
758,1542,1,3,337.2
759,1217,22,3,12.02
760,890,11,1,457.98
761,637,26,4,163.66
762,1722,6,5,232.25
763,1127,28,1,35.2
764,1909,2,1,56.36
765,1126,7,2,483.51
766,1576,39,5,322.6
767,1043,36,2,54.09
768,1341,5,1,297.0
769,1094,15,4,493.28
770,1943,6,1,249.74
771,64,20,2,75.19
772,857,16,4,227.7
773,10,7,4,212.81
774,555,41,4,126.69
775,48,38,1,491.9
776,1323,29,1,216.35
777,827,8,3,118.31
778,779,39,2,245.67
779,929,42,1,455.48
780,1949,1,3,345.33
781,1743,15,2,15.11
782,381,9,2,347.95
783,790,42,5,467.54
784,531,3,1,149.05
785,1834,7,1,189.0
786,1766,16,3,130.63
787,1231,25,3,433.68
788,725,10,2,109.78
789,362,36,4,37.93
790,16,8,1,366.54
791,1491,2,2,248.85
792,553,3,4,406.42
793,843,38,2,303.52
794,1205,44,1,225.54
795,470,45,5,173.27
796,421,32,4,73.31
797,1494,18,5,161.35
798,1431,25,5,356.3
799,838,38,2,91.51
800,328,22,5,452.91
801,144,29,4,321.96
802,815,12,4,372.27
803,278,39,5,368.27
804,1484,11,1,456.25
805,1079,37,4,329.14
806,490,7,5,257.47
807,234,1,1,86.06
808,1254,7,3,433.55
809,217,37,2,69.1
810,1678,47,2,348.04
811,1759,19,2,413.03
812,863,8,5,57.93
813,1446,19,2,409.22
814,654,5,3,156.2
815,798,12,1,73.22
816,1933,47,3,443.63
817,1977,9,4,161.69
818,1625,5,3,77.5
819,258,14,5,236.91
820,736,8,5,270.69
821,429,39,5,406.99
822,927,3,4,228.72
823,264,49,5,318.7
824,841,16,1,335.67
825,955,13,1,144.45
826,202,39,3,449.52
827,1359,10,3,97.04
828,741,39,4,306.61
829,668,43,5,269.48
830,616,28,4,185.39
831,1651,44,1,125.74
832,378,28,4,18.83
833,251,17,2,59.02
834,1367,15,4,404.19
835,1266,2,5,300.09
836,1300,40,1,157.82
837,551,9,1,437.41
838,546,35,2,269.7
839,1967,10,1,40.9
840,1099,10,4,286.89
841,948,28,2,119.06
842,1788,3,5,29.27
843,346,40,2,332.03
844,1381,39,3,108.6
845,794,49,5,312.67
846,693,10,2,333.16
847,465,18,3,235.02
848,1752,47,4,351.05
849,1064,25,2,438.92
850,1720,10,3,397.93
851,1232,9,3,277.62
852,1362,13,2,207.9
853,60,36,5,181.94
854,55,16,5,236.37
855,486,18,5,356.87
856,907,12,1,335.23
857,643,42,5,423.41
858,572,47,5,107.26
859,548,47,1,459.78
860,250,35,3,386.05
861,1099,8,1,208.41
862,1080,15,5,459.72
863,1529,32,2,284.18
864,1602,12,1,403.99
865,1638,20,2,365.71
866,1059,12,1,169.43
867,1159,34,5,37.28
868,190,37,3,352.79
869,1954,6,5,358.66
870,641,20,5,57.13
871,278,27,5,423.67
872,447,35,2,63.66
873,1510,44,5,467.45
874,367,2,5,289.75
875,301,26,4,55.84
876,513,15,4,408.37
877,1291,21,4,487.37
878,598,16,1,162.16
879,958,27,3,105.1
880,1311,24,4,291.13
881,766,18,4,80.41
882,471,42,3,258.19
883,1109,35,5,76.6
884,1216,8,2,103.93
885,1349,8,5,352.1
886,1326,39,5,273.95
887,257,18,3,316.04
888,847,49,4,294.6
889,363,16,5,16.71
890,651,10,3,12.06
891,120,33,3,57.82
892,874,48,2,269.4
893,1346,29,2,310.58
894,540,17,5,104.6
895,269,25,5,78.35
896,202,10,5,94.53
897,1453,18,1,380.8
898,613,40,3,439.07
899,1048,46,5,159.55
900,1691,19,5,393.47
901,675,6,2,461.78
902,1829,16,4,215.71
903,1456,33,4,125.45
904,507,14,1,219.29
905,1264,22,3,477.22
906,564,45,1,159.43
907,1248,20,2,442.62
908,437,28,1,497.47
909,1586,39,1,80.34
910,32,5,3,254.18
911,1489,44,1,376.23
912,1168,41,1,457.38
913,1906,9,5,402.6
914,1005,32,5,68.98
915,1125,39,1,85.11
916,1362,44,3,128.06
917,1460,21,5,311.01
918,1721,39,5,445.97
919,377,32,2,444.56
920,1516,16,3,198.38
921,95,35,2,327.39
922,1017,16,4,270.33
923,215,41,5,76.92
924,404,42,3,86.23
925,833,49,1,296.23
926,145,2,5,215.88
927,1371,32,2,20.72
928,1610,31,3,82.73
929,558,6,4,129.56
930,1775,34,3,181.29
931,502,9,1,151.46
932,1207,31,5,433.63
933,1038,1,4,157.64
934,233,23,4,189.49
935,965,8,4,124.41
936,155,22,1,453.53
937,35,10,5,180.76
938,1050,6,4,219.59
939,1151,24,1,100.74
940,927,46,3,333.44
941,593,28,5,480.21
942,1113,11,3,113.91
943,193,5,4,167.72
944,1277,26,2,34.94
945,1644,6,2,190.35
946,1511,28,3,56.12
947,1793,11,5,72.99
948,1502,33,2,213.51
949,1898,20,3,48.0
950,678,38,5,316.92
951,486,18,4,330.57
952,2000,21,5,497.17
953,4,6,4,13.5
954,407,25,5,279.47
955,446,21,3,138.71
956,998,6,2,495.82
957,624,12,4,159.87
958,924,34,2,57.7
959,976,44,5,98.4
960,1380,33,5,423.78
961,404,11,1,168.47
962,24,36,1,147.33
963,1316,41,1,435.96
964,1804,5,3,217.5
965,1586,27,4,66.98
966,545,29,1,265.1
967,1394,5,4,188.76
968,1784,12,1,206.17
969,1987,34,4,397.35
970,602,39,4,382.07
971,903,35,3,210.97
972,485,47,2,285.17
973,1293,13,1,344.27
974,1563,9,3,212.12
975,843,43,1,378.01
976,1036,5,3,430.2
977,98,20,5,81.74
978,1522,10,3,248.57
979,1070,42,2,23.02
980,559,36,1,392.2
981,973,50,2,140.15
982,1820,1,2,456.24
983,1720,6,1,245.51
984,1971,9,5,427.68
985,993,26,3,461.38
986,1363,6,3,47.57
987,1958,44,2,166.25
988,1973,30,4,380.15
989,797,22,1,441.81
990,1797,36,5,204.36
991,1920,40,3,382.55
992,1050,38,3,170.85
993,699,35,1,313.35
994,525,20,4,14.1
995,658,6,4,159.59
996,915,23,4,42.0
997,925,3,2,372.42
998,1012,10,4,472.21
999,414,14,5,375.02
1000,526,50,4,161.93
1001,230,14,3,402.15
1002,1445,41,1,172.78
1003,377,47,3,415.08
1004,1750,41,4,116.21
1005,1423,45,1,202.76
1006,1220,17,5,221.41
1007,1679,32,3,405.64
1008,1712,1,4,487.81
1009,542,7,3,149.3
1010,1308,27,5,328.69
1011,742,2,3,108.67
1012,1482,17,4,15.72
1013,599,32,5,472.72
1014,309,44,2,445.81
1015,1102,39,3,150.09
1016,1587,2,3,137.47
1017,1227,47,4,150.17
1018,1622,7,4,216.7
1019,1018,1,2,265.07
1020,1260,44,2,383.87
1021,48,40,2,282.09
1022,1568,48,4,93.55
1023,895,39,3,273.72
1024,528,16,1,28.88
1025,1571,35,3,419.64
1026,518,34,1,209.44
1027,1931,4,4,145.52
1028,1158,39,2,271.28
1029,155,42,5,298.41
1030,255,39,1,386.5
1031,1055,15,4,124.33
1032,1056,11,2,14.11
1033,436,36,2,201.53
1034,1732,27,3,316.28
1035,1558,16,3,146.98
1036,545,26,1,320.15
1037,1370,40,5,287.73
1038,1927,3,1,237.12
1039,1134,45,5,208.48
1040,697,11,3,199.38
1041,1085,31,5,337.6
1042,1783,3,3,471.28
1043,1910,49,2,112.18
1044,1144,44,1,441.23
1045,744,8,3,467.14
1046,1441,39,3,85.66
1047,444,37,2,392.31
1048,1668,36,5,47.72
1049,1257,42,3,357.17
1050,818,33,4,125.53
1051,694,25,5,152.61
1052,1853,27,3,247.16
1053,513,40,2,319.66
1054,1129,20,4,76.9
1055,1920,15,2,157.59
1056,1500,19,4,281.88
1057,1587,46,1,370.74
1058,570,27,3,263.91
1059,1540,29,5,375.42
1060,1866,3,5,456.35
1061,978,47,5,303.32
1062,1270,31,2,476.3
1063,1551,42,5,283.11
1064,297,48,4,62.86
1065,1261,32,4,427.59
1066,1948,19,3,328.65
1067,395,12,5,478.0
1068,25,27,1,470.24
1069,1994,31,3,132.13
1070,1214,4,3,393.44
1071,1654,23,3,463.0
1072,532,11,3,214.47
1073,1865,44,2,309.22
1074,421,32,3,460.82
1075,1721,28,5,82.23
1076,1700,37,2,222.46
1077,1871,24,2,450.7
1078,288,33,4,222.15
1079,1641,41,1,319.74
1080,350,9,4,45.21
1081,1658,30,5,174.26
1082,1838,33,2,463.98
1083,1683,14,4,83.24
1084,773,9,5,69.28
1085,1837,18,4,405.89
1086,1749,14,1,201.57
1087,28,25,2,113.98
1088,1118,2,4,465.88
1089,124,35,4,187.72
1090,498,43,3,418.45
1091,857,6,1,387.02
1092,101,15,2,438.73
1093,1863,33,4,77.78
1094,545,17,4,33.71
1095,108,48,1,438.4
1096,1528,10,3,147.41
1097,67,30,3,306.23
1098,1684,38,5,37.9
1099,410,7,3,425.47
1100,980,3,2,461.04
1101,749,44,3,312.95
1102,681,8,2,443.57
1103,1875,48,4,474.39
1104,289,24,5,71.48
1105,869,48,1,383.81
1106,761,18,3,457.12
1107,736,47,4,437.6
1108,751,46,5,431.92
1109,871,37,1,343.69
1110,406,47,1,395.99
1111,117,12,2,345.44
1112,1033,37,1,179.4
1113,1664,28,2,359.02
1114,527,24,2,209.54
1115,957,5,5,403.62
1116,656,43,5,382.7
1117,1045,38,4,97.81
1118,1372,45,1,223.0
1119,1222,44,5,326.75
1120,1278,35,5,137.56
1121,26,50,1,226.3
1122,1570,38,2,341.86
1123,129,32,4,395.58
1124,940,25,4,299.88
1125,1410,34,1,207.02
1126,326,1,3,36.88
1127,1933,18,1,213.99
1128,877,23,1,230.46
1129,374,7,5,197.21
1130,150,14,1,56.77
1131,121,36,2,149.42
1132,850,28,5,25.77
1133,1621,15,2,193.78
1134,1278,30,3,172.79
1135,1106,10,3,46.89
1136,1223,2,1,489.47
1137,882,11,1,60.39
1138,170,46,1,129.28
1139,357,48,5,186.42
1140,662,19,1,305.58
1141,1765,28,2,310.29
1142,932,10,2,106.74
1143,1370,39,5,333.87
1144,181,20,3,168.73
1145,1094,39,3,371.25
1146,1296,1,5,248.92
1147,951,37,2,362.45
1148,759,9,1,364.81
1149,1077,39,5,185.54
1150,62,5,5,156.76
1151,523,26,2,336.4
1152,1295,8,4,180.29
1153,1464,48,2,396.91
1154,431,6,2,344.81
1155,718,3,2,400.82
1156,1117,8,3,60.88
1157,1775,5,2,361.61
1158,1837,4,5,117.41
1159,1862,8,1,438.17
1160,186,23,2,465.14
1161,51,4,3,329.16
1162,1061,29,2,113.41
1163,894,34,5,56.39
1164,1458,35,1,255.98
1165,1476,46,5,265.18
1166,1960,21,3,346.2
1167,950,38,3,36.04
1168,1518,11,2,361.5
1169,151,11,3,374.06
1170,461,5,1,382.2
1171,472,25,1,374.16
1172,1919,45,3,200.19
1173,974,32,1,331.07
1174,1225,43,3,368.72
1175,1348,17,3,52.79
1176,884,36,5,454.58
1177,1275,25,2,32.1
1178,203,28,5,155.76
1179,1665,22,3,355.58
1180,1885,39,5,148.72
1181,668,15,5,328.65
1182,1060,2,2,145.8
1183,263,11,4,423.63
1184,535,41,2,338.37
1185,1395,27,3,333.37
1186,1933,42,4,403.0
1187,1726,40,5,361.46
1188,10,45,1,82.78
1189,867,2,3,412.65
1190,855,30,1,202.95
1191,346,10,1,410.22
1192,1086,49,2,370.05
1193,564,9,4,330.38
1194,1923,37,3,187.96
1195,1715,27,1,195.29
1196,1530,24,2,147.33
1197,1861,42,1,332.58
1198,1379,34,3,276.86
1199,780,32,1,247.08
1200,1468,38,3,40.67
1201,1191,2,4,209.33
1202,1914,50,2,276.1
1203,293,40,4,240.8
1204,1026,25,1,422.3
1205,462,24,1,336.19
1206,1208,29,3,396.34
1207,1865,16,1,330.02
1208,754,32,2,266.69
1209,399,25,1,71.46
1210,809,30,4,90.95
1211,1825,29,2,287.15
1212,1297,48,5,207.29
1213,577,43,1,101.1
1214,695,22,1,303.52
1215,1052,3,2,232.93
1216,375,31,3,135.09
1217,457,49,5,140.63
1218,270,16,3,393.8
1219,546,17,5,84.05
1220,1064,39,1,487.88
1221,759,17,5,42.01
1222,824,12,2,426.9
1223,329,21,1,199.68
1224,603,46,4,110.98
1225,692,46,4,443.48
1226,1076,43,3,115.62
1227,321,43,4,226.48
1228,50,2,3,46.84
1229,669,47,3,424.31
1230,1184,22,2,166.29
1231,32,23,4,457.58
1232,371,9,5,86.29
1233,757,38,3,262.42
1234,1552,10,1,222.88
1235,717,31,2,58.46
1236,203,14,4,334.19
1237,1017,48,4,446.65
1238,962,28,4,135.25
1239,1563,26,3,77.94
1240,1325,22,5,437.46
1241,1079,24,2,32.84
1242,1685,14,2,135.02
1243,1085,50,3,107.76
1244,489,14,2,121.93
1245,1908,13,3,134.36
1246,53,27,2,35.67
1247,1865,14,3,43.83
1248,1737,13,5,328.39
1249,408,37,2,261.27
1250,986,10,5,175.99
1251,1405,22,2,150.03
1252,1892,14,2,299.46
1253,1057,2,2,383.35
1254,1315,6,3,366.7
1255,1914,13,5,346.65
1256,1945,20,1,303.76
1257,1370,44,4,189.78
1258,1004,37,5,414.95
1259,338,27,4,412.44
1260,1893,6,2,358.4
1261,342,47,4,11.07
1262,227,1,5,436.82
1263,1375,49,3,392.49
1264,1570,10,4,155.04
1265,1725,1,3,487.72
1266,1309,12,3,478.8
1267,1461,18,4,476.96
1268,1455,28,5,103.96
1269,1638,6,5,235.71
1270,1628,14,4,341.58
1271,991,2,5,449.51
1272,159,4,4,256.8
1273,1076,28,5,161.49
1274,340,21,5,111.36
1275,65,26,2,446.98
1276,1153,38,1,386.56
1277,543,37,2,164.63
1278,1296,44,1,353.66
1279,682,21,3,317.07
1280,460,4,4,420.28
1281,1722,46,4,77.11
1282,401,33,2,495.93
1283,9,20,2,383.6
1284,8,38,3,375.56
1285,112,33,2,163.36
1286,591,4,1,56.96
1287,884,39,2,221.38
1288,329,19,5,418.6
1289,879,32,5,409.5
1290,902,16,3,357.48
1291,1462,2,3,363.53
1292,1373,3,4,349.44
1293,1455,4,1,245.45
1294,903,23,3,138.14
1295,1036,25,2,398.74
1296,1767,24,1,295.8
1297,1205,41,2,200.01
1298,402,38,2,330.65
1299,256,35,4,163.27
1300,1928,44,1,203.79
1301,390,6,4,403.14
1302,1124,15,1,446.33
1303,748,42,4,245.48
1304,1558,18,5,249.33
1305,79,24,5,489.58
1306,18,6,1,470.95
1307,1196,48,1,122.81
1308,1689,33,3,79.38
1309,1617,20,2,476.85
1310,46,5,4,293.96
1311,363,28,4,359.77
1312,1620,47,4,156.93
1313,528,17,2,454.93
1314,274,19,4,496.17
1315,1876,7,4,414.5
1316,946,34,3,447.25
1317,1136,11,3,446.92
1318,20,44,5,234.23
1319,1954,35,4,321.42
1320,1172,44,2,442.8
1321,723,18,2,89.35
1322,1660,3,1,214.98
1323,1424,16,5,60.97
1324,1238,40,1,306.97
1325,1176,45,5,437.28
1326,984,46,5,193.52
1327,383,26,3,243.57
1328,121,12,5,381.32
1329,444,10,1,389.99
1330,1135,30,3,455.86
1331,1990,24,2,323.75
1332,838,18,5,232.17
1333,1288,11,2,392.06
1334,1160,8,3,383.8
1335,1443,26,5,10.15
1336,1319,25,5,12.45
1337,1003,49,3,194.8
1338,159,9,5,206.55
1339,999,42,1,399.39
1340,344,5,1,402.27
1341,767,46,1,435.12
1342,1181,36,4,266.18
1343,507,26,1,304.83
1344,1811,29,5,248.82
1345,793,25,5,458.4
1346,180,30,4,16.69
1347,1350,26,5,359.67
1348,1211,49,3,430.78
1349,1747,41,2,61.8
1350,1282,19,5,48.78
1351,1555,38,4,347.38
1352,1775,28,4,457.59
1353,1069,49,2,56.71
1354,56,30,4,178.04
1355,1157,20,4,284.99
1356,1371,11,5,201.04
1357,267,20,3,110.33
1358,365,35,2,45.07
1359,143,14,1,264.71
1360,1229,42,1,105.12
1361,1209,14,3,259.59
1362,14,7,5,330.57
1363,559,4,3,108.08
1364,1365,35,1,271.3
1365,6,14,5,321.58
1366,458,16,2,101.42
1367,404,45,3,327.42
1368,1958,2,5,324.61
1369,1330,21,3,270.7
1370,598,33,1,251.45
1371,614,2,2,47.9
1372,1351,10,3,415.78
1373,1124,24,5,71.43
1374,725,29,3,365.8
1375,350,47,1,61.72
1376,1214,48,2,90.52
1377,1701,32,4,458.42
1378,484,27,4,391.02
1379,1929,44,3,73.45
1380,1285,48,3,154.73
1381,1496,23,5,222.59
1382,223,10,2,53.16
1383,1425,33,3,11.01
1384,1860,42,1,111.27
1385,597,32,4,366.61
1386,849,2,3,50.34
1387,1352,6,2,328.08
1388,22,49,4,42.67
1389,1409,49,5,244.38
1390,354,18,1,12.31
1391,531,39,5,69.39
1392,1199,37,1,293.73
1393,1160,16,2,24.86
1394,1928,48,2,244.29
1395,1704,35,2,336.26
1396,1579,28,2,213.18
1397,359,10,5,164.96
1398,128,32,5,370.16
1399,1774,29,4,288.52
1400,1197,18,2,77.65
1401,871,2,2,381.53
1402,1448,30,3,376.63
1403,831,20,2,105.31
1404,1378,33,2,72.43
1405,623,16,1,314.89
1406,1324,5,3,217.14
1407,562,45,2,109.13
1408,460,21,3,39.79
1409,1710,24,5,124.69
1410,981,21,5,247.13
1411,1364,20,3,155.01
1412,180,37,1,52.31
1413,920,42,3,133.18
1414,74,34,1,67.84
1415,722,31,1,376.34
1416,288,35,1,223.99
1417,1336,40,2,31.19
1418,989,16,3,333.65
1419,1431,15,4,491.82
1420,1275,24,1,97.7
1421,1707,26,5,473.06
1422,775,13,5,414.59
1423,1150,27,5,483.98
1424,685,44,2,79.23
1425,1434,19,1,21.88
1426,1980,13,5,408.9
1427,748,23,5,276.14
1428,749,37,2,397.25
1429,433,48,5,35.04
1430,838,47,2,245.93
1431,1485,5,3,11.49
1432,1189,47,5,415.5
1433,1468,29,2,239.21
1434,413,37,3,425.2
1435,1235,46,4,340.46
1436,1709,24,4,406.03
1437,1790,27,3,243.52
1438,1479,10,3,255.95
1439,514,5,4,427.78
1440,1205,8,4,351.16
1441,1563,30,5,68.87
1442,1802,23,5,459.61
1443,766,21,5,238.84
1444,1944,8,1,93.63
1445,266,47,1,448.49
1446,685,7,1,392.34
1447,142,5,5,246.51
1448,1349,46,5,68.14
1449,1498,26,1,25.74
1450,1430,42,4,256.07
1451,553,22,2,174.6
1452,1442,36,4,422.36
1453,1719,13,5,314.76
1454,609,17,2,62.63
1455,1854,50,4,474.71
1456,483,21,5,406.72
1457,1803,3,3,188.85
1458,288,30,4,234.74
1459,613,23,4,419.95
1460,124,39,4,386.24
1461,678,3,1,15.0
1462,760,23,1,298.07
1463,588,2,4,131.1
1464,915,7,3,364.64
1465,187,19,1,393.02
1466,1739,26,3,460.48
1467,1763,48,5,124.96
1468,1013,28,4,208.72
1469,873,32,1,122.08
1470,1525,36,2,405.76
1471,261,4,2,147.17
1472,1235,18,2,242.36
1473,355,38,2,176.7
1474,1766,50,1,13.83
1475,1154,35,5,58.26
1476,291,6,5,466.59
1477,29,49,1,190.97
1478,1757,19,4,151.16
1479,1804,22,3,77.5
1480,81,26,2,349.81
1481,734,5,1,476.14
1482,1677,40,4,53.08
1483,7,45,5,298.5
1484,1766,37,2,221.56
1485,415,13,1,122.06
1486,1322,27,5,57.12
1487,1056,42,3,285.2
1488,516,27,2,477.44
1489,416,1,1,85.44
1490,1410,49,2,81.89
1491,1885,6,4,382.74
1492,1338,43,1,350.37
1493,1741,37,1,159.18
1494,294,36,3,268.21
1495,1129,47,5,472.55
1496,1013,8,1,153.23
1497,1742,22,2,291.69
1498,1948,20,4,381.03
1499,677,42,4,62.09
1500,1157,23,1,393.98
1501,1029,45,3,39.31
1502,435,38,1,492.62
1503,1293,42,5,18.0
1504,660,4,5,420.21
1505,108,36,1,357.85
1506,461,20,4,148.03
1507,1639,5,2,493.32
1508,924,29,4,149.54
1509,262,23,2,63.65
1510,540,14,4,94.17
1511,1263,32,1,273.87
1512,1682,31,2,442.47
1513,1571,31,3,464.09
1514,736,1,1,418.93
1515,268,22,4,173.2
1516,1190,25,5,188.82
1517,1676,6,2,281.92
1518,1978,11,5,325.83
1519,762,4,3,32.97
1520,607,34,5,182.61
1521,105,15,3,470.99
1522,417,27,1,31.59
1523,145,2,2,72.41
1524,693,13,2,402.21
1525,1788,39,3,113.33
1526,1674,42,5,139.02
1527,1221,28,1,152.59
1528,305,5,3,393.6
1529,206,24,2,462.01
1530,1372,31,1,351.49
1531,1556,28,5,454.74
1532,1194,40,1,442.72
1533,545,28,5,291.26
1534,132,16,3,286.85
1535,596,14,2,111.05
1536,1902,10,4,82.37
1537,277,4,3,270.22
1538,1693,35,5,318.24
1539,1174,1,4,468.49
1540,1907,49,5,434.06
1541,981,42,3,207.33
1542,1699,28,1,10.26
1543,473,42,3,429.93
1544,1717,45,5,258.81
1545,433,45,1,439.63
1546,1725,45,2,489.78
1547,1552,31,2,130.97
1548,1811,50,5,253.32
1549,1597,43,5,274.01
1550,1650,33,3,299.46
1551,48,21,5,95.73
1552,1334,38,3,360.76
1553,173,2,2,77.83
1554,996,8,4,342.94
1555,662,41,5,263.47
1556,931,16,4,410.83
1557,254,47,3,407.23
1558,1003,2,4,397.29
1559,961,8,1,96.74
1560,247,32,1,10.24
1561,1085,7,3,77.11
1562,1685,22,3,46.77
1563,481,1,4,391.5
1564,805,4,3,365.36
1565,1922,7,2,162.52
1566,1985,22,2,391.82
1567,367,24,2,299.67
1568,235,17,2,165.55
1569,1951,17,2,149.13
1570,1500,37,1,413.63
1571,448,29,3,174.3
1572,1588,14,2,353.86
1573,845,35,2,460.85
1574,82,30,1,253.33
1575,141,47,2,141.48
1576,1466,48,4,208.8
1577,1439,4,3,193.03
1578,421,15,2,328.15
1579,965,39,2,443.43
1580,11,1,1,471.63
1581,859,34,4,82.55
1582,21,1,5,445.21
1583,960,25,2,458.95
1584,448,16,1,356.13
1585,913,49,1,478.97
1586,312,43,4,40.19
1587,1364,37,3,94.94
1588,30,35,4,226.59
1589,665,13,1,294.38
1590,1324,47,5,157.05
1591,352,32,2,448.33
1592,126,46,3,41.84
1593,1868,44,1,301.22
1594,1880,48,2,49.69
1595,1839,17,4,303.55
1596,625,26,1,211.84
1597,923,15,1,286.72
1598,838,22,2,111.87
1599,1284,47,5,426.01
1600,1227,37,3,274.03
1601,409,19,2,327.31
1602,990,21,4,128.71
1603,1388,4,5,95.02
1604,750,42,2,493.27
1605,353,21,1,114.32
1606,1937,20,1,434.66
1607,1827,18,1,269.06
1608,396,44,1,481.54
1609,316,8,2,316.68
1610,1443,21,2,283.36
1611,1818,16,5,232.6
1612,1648,20,5,197.06
1613,1763,14,3,170.77
1614,875,37,2,357.35
1615,875,9,4,379.3
1616,1095,14,5,464.62
1617,64,9,5,116.97
1618,1946,8,1,66.92
1619,1965,47,3,304.97
1620,1664,16,2,473.35
1621,34,44,2,133.48
1622,390,26,5,151.9
1623,1005,35,4,146.13
1624,814,2,4,148.91
1625,1897,39,4,102.93
1626,479,34,1,465.08
1627,612,17,1,100.1
1628,377,17,1,371.74
1629,1503,47,3,103.0
1630,563,48,4,134.31
1631,63,50,2,320.08
1632,973,43,5,422.81
1633,994,10,4,85.35
1634,1351,38,5,19.11
1635,432,49,5,289.37
1636,1349,39,3,246.79
1637,1916,17,4,360.99
1638,665,20,3,93.71
1639,1831,13,5,105.41
1640,1481,20,4,223.67
1641,514,11,3,72.86
1642,1219,30,2,273.88
1643,151,9,5,392.26
1644,988,25,3,411.56
1645,1499,44,2,127.18
1646,183,25,5,454.93
1647,1459,30,2,471.89
1648,1032,39,3,248.93
1649,1640,28,4,341.68
1650,1669,47,3,17.65
1651,1557,37,2,22.6
1652,1965,50,1,10.69
1653,898,23,2,247.68
1654,1512,13,3,171.34
1655,728,27,5,49.42
1656,520,3,5,149.25
1657,425,9,2,204.8
1658,1156,26,1,84.45
1659,497,20,5,120.34
1660,976,44,4,338.53
1661,1505,39,3,172.64
1662,726,50,3,477.09
1663,253,16,4,241.18
1664,758,37,3,129.04
1665,1841,9,3,328.74
1666,964,21,3,221.18
1667,586,8,4,190.35
1668,1655,28,4,92.14
1669,1450,20,4,438.65
1670,1186,19,3,97.33
1671,1511,8,1,288.65
1672,503,20,5,138.7
1673,40,44,3,104.62
1674,914,30,5,270.61
1675,1714,41,1,318.56
1676,693,45,3,173.17
1677,460,32,2,294.74
1678,651,21,2,348.03
1679,1639,4,3,224.73
1680,1924,22,3,229.47
1681,1246,18,2,395.2
1682,1209,25,5,179.27
1683,45,31,1,343.1
1684,1777,49,3,397.32
1685,184,48,1,455.21
1686,1771,36,3,431.59
1687,179,34,3,276.71
1688,1824,16,2,55.71
1689,873,33,3,377.73
1690,1036,27,5,488.98
1691,1677,17,5,82.25
1692,1265,2,3,363.56
1693,1488,46,5,81.28
1694,1171,25,5,427.66
1695,399,17,1,249.45
1696,382,40,5,342.45
1697,755,46,4,413.21
1698,1337,16,5,236.68
1699,845,9,4,298.22
1700,814,12,4,381.31
1701,891,31,3,181.28
1702,1292,38,1,298.99
1703,405,49,5,179.59
1704,902,33,2,392.01
1705,1131,1,2,288.51
1706,1056,12,3,375.75
1707,1231,12,1,313.27
1708,659,37,2,396.78
1709,1527,34,1,74.98
1710,1154,32,5,47.31
1711,1886,12,2,425.44
1712,244,18,3,300.01
1713,1553,8,4,452.88
1714,607,45,1,86.49
1715,830,44,3,483.51
1716,57,13,4,140.35
1717,929,38,5,148.9
1718,59,19,5,106.29
1719,975,43,2,109.24
1720,581,12,1,316.21
1721,497,25,5,324.4
1722,1640,2,3,238.53
1723,855,50,2,355.52
1724,1491,21,4,338.14
1725,927,33,5,450.16
1726,1217,2,1,83.24
1727,1269,44,1,71.67
1728,1115,41,5,387.71
1729,572,14,1,412.3
1730,974,29,5,421.93
1731,1414,25,2,95.98
1732,1302,14,1,112.97
1733,1408,14,2,384.78
1734,1603,34,4,109.0
1735,1463,49,3,36.2
1736,941,30,2,282.75
1737,1509,43,5,101.84
1738,1191,41,3,291.28
1739,376,5,5,77.23
1740,1838,25,2,112.08
1741,758,33,4,72.77
1742,1499,30,4,248.55
1743,947,6,2,39.29
1744,862,15,2,297.04
1745,311,6,4,458.42
1746,1182,34,1,433.2
1747,706,49,4,156.59
1748,1313,36,4,306.33
1749,1249,9,3,285.06
1750,257,39,5,201.63
1751,1978,46,2,339.05
1752,52,47,5,97.28
1753,759,28,1,90.71
1754,1478,43,3,224.18
1755,1932,13,5,36.19
1756,757,46,1,168.77
1757,663,2,5,295.34
1758,1796,13,1,225.32
1759,1421,11,1,13.41
1760,1771,26,5,32.22
1761,1782,36,2,121.26
1762,237,14,1,313.39
1763,1980,38,3,440.53
1764,947,2,3,412.25
1765,1516,21,5,316.51
1766,1287,44,5,139.02
1767,1345,30,2,297.36
1768,589,31,1,490.73
1769,108,9,5,127.9
1770,1783,49,4,309.56
1771,1673,22,5,405.36
1772,838,2,2,255.98
1773,993,12,3,34.74
1774,1455,34,2,107.86
1775,1945,20,1,166.41
1776,1262,36,1,27.05
1777,1559,44,2,243.11
1778,1326,7,1,376.53
1779,1484,29,1,206.78
1780,1138,3,4,482.33
1781,1431,16,5,206.51
1782,350,9,5,478.5
1783,1314,23,3,103.05
1784,762,45,1,120.18
1785,1938,4,3,146.6
1786,1575,46,3,176.07
1787,1427,45,4,91.73
1788,1708,17,2,470.39
1789,1418,25,1,120.89
1790,960,28,5,489.85
1791,1282,2,2,177.69
1792,1475,32,5,252.97
1793,1576,35,4,181.23
1794,1760,21,5,348.34
1795,719,31,4,442.98
1796,1850,17,5,414.56
1797,1327,34,2,117.46
1798,12,32,5,269.95
1799,1266,8,3,467.93
1800,1386,42,3,49.33
1801,1504,44,2,49.39
1802,1249,43,5,127.15
1803,1670,43,4,166.33
1804,504,5,4,42.89
1805,633,6,2,69.81
1806,1414,6,1,263.71
1807,1988,45,1,200.24
1808,1625,9,5,239.78
1809,1327,47,5,318.02
1810,1070,5,3,40.41
1811,1161,49,2,323.57
1812,706,49,4,311.9
1813,1373,30,2,438.79
1814,1626,22,3,499.6
1815,800,49,1,277.29
1816,531,25,2,27.86
1817,1631,39,4,56.71
1818,719,43,5,163.4
1819,356,10,4,499.95
1820,1362,4,3,166.57
1821,1309,47,4,170.07
1822,507,42,5,129.77
1823,1557,42,4,108.96
1824,977,25,2,482.27
1825,1152,13,3,289.35
1826,1869,25,4,486.3
1827,1104,47,4,304.9
1828,1578,8,5,32.95
1829,808,1,4,318.16
1830,1598,49,2,89.22
1831,1219,48,5,98.2
1832,1393,1,3,352.69
1833,50,17,4,194.31
1834,250,13,5,494.17
1835,846,10,1,330.21
1836,1655,42,1,179.94
1837,1802,28,5,342.14
1838,1076,23,2,476.09
1839,1532,12,2,96.17
1840,45,45,4,383.54
1841,664,44,5,255.69
1842,1110,24,1,189.05
1843,3,3,3,388.82
1844,687,48,2,404.51
1845,366,42,1,129.7
1846,164,41,3,396.82
1847,514,31,5,320.87
1848,1675,14,3,340.81
1849,567,9,1,343.47
1850,993,26,4,136.6
1851,1654,43,2,195.31
1852,1584,10,4,405.17
1853,588,36,5,187.45
1854,697,14,2,37.35
1855,103,15,3,279.63
1856,796,35,2,107.24
1857,1102,13,2,464.59
1858,258,12,3,312.31
1859,1969,6,5,49.76
1860,1210,10,4,486.56
1861,190,18,5,52.81
1862,1630,35,4,323.59
1863,1120,23,1,122.76
1864,1320,3,3,14.51
1865,1543,42,4,266.39
1866,1380,36,4,335.3
1867,1949,6,5,256.11
1868,308,7,4,196.71
1869,87,20,2,212.68
1870,247,12,3,38.68
1871,1957,25,4,257.46
1872,1675,8,1,257.05
1873,428,11,5,109.59
1874,489,46,3,186.48
1875,1873,42,5,87.21
1876,212,10,5,33.03
1877,322,2,2,497.98
1878,354,43,1,110.26
1879,1046,25,3,270.94
1880,905,21,2,117.52
1881,1524,20,4,467.88
1882,819,1,3,402.04
1883,1060,33,3,181.95
1884,228,26,4,419.99
1885,1906,14,2,295.71
1886,1377,26,3,142.34
1887,6,8,4,288.55
1888,1597,14,5,387.74
1889,960,6,2,456.45
1890,82,15,2,79.85
1891,614,35,2,315.59
1892,777,11,3,404.02
1893,939,15,2,435.78
1894,505,25,3,23.46
1895,55,16,3,307.87
1896,1291,38,2,483.31
1897,1483,42,5,216.64
1898,902,8,4,246.47
1899,343,7,3,427.35
1900,1750,18,3,459.33
1901,1893,45,4,19.33
1902,1171,40,5,17.6
1903,166,38,1,241.27
1904,1242,15,5,350.61
1905,1031,4,5,133.94
1906,1283,16,4,365.17
1907,809,5,1,379.19
1908,1222,8,5,40.11
1909,1468,30,3,302.94
1910,663,25,2,307.23
1911,1217,24,5,356.37
1912,1524,8,3,218.79
1913,1945,37,2,147.79
1914,1977,20,5,171.51
1915,1595,7,2,181.53
1916,945,11,1,380.25
1917,318,24,5,91.96
1918,1084,47,1,499.62
1919,1140,14,4,452.82
1920,691,27,5,106.73
1921,1049,2,3,184.93
1922,174,14,1,53.55
1923,1984,44,3,157.76
1924,1536,13,3,236.14
1925,530,36,4,449.61
1926,284,9,4,197.9
1927,1253,34,3,34.84
1928,59,25,5,354.17
1929,264,7,5,308.76
1930,470,50,2,67.08
1931,184,27,2,129.67
1932,1091,3,4,48.8
1933,146,38,5,154.13
1934,668,36,3,346.31
1935,1827,21,3,56.62
1936,1463,34,1,54.38
1937,1634,6,3,407.83
1938,1735,39,2,392.9
1939,688,17,4,141.16
1940,40,12,5,224.72
1941,144,6,1,254.18
1942,459,41,1,359.12
1943,1201,46,2,302.51
1944,225,12,4,172.14
1945,134,19,2,61.56
1946,929,39,1,291.08
1947,1934,28,3,441.98
1948,866,7,3,281.83
1949,1278,8,5,290.33
1950,931,2,1,403.62
1951,779,35,2,26.77
1952,309,40,4,333.27
1953,1024,8,1,220.6
1954,1591,40,5,260.6
1955,1079,23,5,297.79
1956,1110,23,5,457.99
1957,597,42,1,280.11
1958,1581,28,5,423.32
1959,1220,14,5,367.67
1960,321,1,5,319.12
1961,1768,3,3,446.9
1962,220,37,3,257.71
1963,1606,9,3,61.8
1964,1642,45,1,76.21
1965,1665,42,1,473.76
1966,1358,43,5,39.62
1967,992,41,2,174.38
1968,1391,15,1,470.73
1969,574,8,3,292.32
1970,1959,48,1,342.68
1971,1659,30,4,286.04
1972,1000,21,1,287.65
1973,1514,14,4,246.86
1974,67,2,2,178.56
1975,1216,24,3,112.86
1976,255,24,1,384.81
1977,1205,16,2,408.72
1978,677,30,4,443.72
1979,1422,16,5,294.68
1980,814,26,2,243.71
1981,438,48,5,234.87
1982,1569,35,1,119.68
1983,1139,7,1,461.28
1984,1899,39,5,441.65
1985,1001,30,3,237.94
1986,1201,43,2,488.07
1987,1080,35,1,322.43
1988,256,13,4,177.01
1989,332,8,2,363.81
1990,139,16,3,337.23
1991,1769,39,3,396.61
1992,1769,32,2,207.45
1993,994,46,3,69.09
1994,303,7,4,199.89
1995,881,29,1,202.49
1996,421,22,5,395.18
1997,1670,2,1,408.52
1998,1900,20,2,252.01
1999,805,31,1,133.04
2000,53,4,4,384.27
2001,731,27,5,345.25
2002,1423,42,1,488.09
2003,1065,43,4,305.33
2004,1601,8,1,373.71
2005,942,47,2,251.9
2006,601,9,2,494.06
2007,1964,36,2,169.63
2008,495,42,4,71.32
2009,877,33,3,241.02
2010,620,15,3,389.95
2011,1061,14,2,440.15
2012,136,28,3,218.04
2013,896,42,2,178.09
2014,1493,19,5,180.74
2015,737,48,1,221.05
2016,991,5,1,18.1
2017,1140,45,2,289.14
2018,259,23,5,242.69
2019,1378,5,3,305.88
2020,1854,27,5,478.18
2021,965,31,3,200.26
2022,478,35,2,139.23
2023,1548,16,4,353.71
2024,1490,35,1,89.79
2025,1328,23,2,147.34
2026,1971,22,4,26.53
2027,1448,20,3,312.78
2028,381,50,5,310.88
2029,1087,29,4,406.26
2030,64,42,4,102.98
2031,1093,43,3,154.37
2032,605,25,2,483.14
2033,829,1,4,240.75
2034,270,27,5,464.24
2035,199,18,3,60.4
2036,1220,50,1,254.27
2037,951,48,2,140.4
2038,1441,16,1,205.74
2039,209,7,2,27.14
2040,1099,24,5,201.98
2041,220,11,5,431.98
2042,613,30,4,20.87
2043,1705,48,4,298.44
2044,276,37,4,356.75
2045,1275,5,5,421.6
2046,360,32,2,216.47
2047,1317,37,3,399.25
2048,1221,6,3,163.71
2049,1090,45,2,442.06
2050,1064,5,2,435.73
2051,1573,30,3,120.24
2052,1450,21,3,54.43
2053,844,21,4,225.71
2054,319,14,5,175.05
2055,1492,17,1,16.88
2056,161,48,5,74.86
2057,714,13,4,123.1
2058,1844,9,5,221.82
2059,1145,27,3,333.43
2060,1916,30,3,350.9
2061,32,49,4,284.56
2062,1158,41,1,282.96
2063,702,17,3,450.07
2064,792,47,2,470.09
2065,1952,22,4,69.62
2066,1650,25,2,396.46
2067,1195,6,4,466.63
2068,588,39,2,63.71
2069,974,25,5,466.36
2070,1572,39,2,421.02
2071,1479,44,1,79.04
2072,469,48,2,85.44
2073,1534,24,2,28.98
2074,1724,19,3,178.57
2075,167,1,2,318.4
2076,780,43,2,14.63
2077,842,27,3,167.54
2078,704,34,4,108.82
2079,1540,45,2,239.36
2080,1814,12,2,373.63
2081,1075,5,1,407.27
2082,1137,11,5,41.19
2083,1533,39,1,328.38
2084,748,9,3,293.98
2085,1402,40,1,375.62
2086,1174,15,5,241.15
2087,1975,42,4,152.55
2088,769,15,2,81.85
2089,1874,43,1,56.48
2090,203,27,5,311.49
2091,1786,11,5,56.69
2092,78,23,1,442.11
2093,878,5,2,67.14
2094,172,39,3,237.68
2095,1322,35,5,137.29
2096,766,47,3,174.27
2097,437,30,2,200.86
2098,259,19,1,111.83
2099,393,25,3,286.85
2100,174,24,3,429.77
2101,611,33,4,195.87
2102,586,38,3,388.98
2103,474,19,4,324.8
2104,298,41,2,279.67
2105,1672,49,2,478.47
2106,803,44,4,315.51
2107,238,3,1,214.47
2108,751,9,2,228.46
2109,1354,44,4,174.64
2110,37,45,2,236.53
2111,1941,1,1,121.03
2112,35,17,1,201.42
2113,826,48,3,313.76
2114,1616,45,5,382.17
2115,1694,13,3,376.99
2116,453,48,1,132.66
2117,1601,41,2,349.15
2118,531,4,1,166.81
2119,1492,46,3,304.12
2120,968,25,4,448.14
2121,1271,28,4,427.84
2122,1750,5,1,408.24
2123,1604,10,4,491.99
2124,589,33,4,222.94
2125,1264,28,4,496.27
2126,1406,22,5,103.97
2127,512,27,5,265.11
2128,1095,23,4,374.45
2129,997,40,4,490.61
2130,1385,1,2,79.55
2131,120,50,3,188.05
2132,1414,31,1,302.14
2133,297,40,1,76.88
2134,1563,44,1,81.79
2135,640,4,5,79.23
2136,1987,10,3,327.6
2137,342,36,2,100.68
2138,78,16,1,238.53
2139,1322,13,5,498.0
2140,1171,42,3,450.18
2141,590,8,5,304.22
2142,766,16,2,37.15
2143,887,49,4,252.01
2144,1074,12,3,260.08
2145,561,33,2,120.55
2146,947,11,3,466.6
2147,1631,39,2,305.83
2148,57,38,4,16.34
2149,1994,33,4,269.4
2150,1062,37,3,133.28
2151,1609,31,5,260.79
2152,1542,44,2,403.57
2153,1815,27,1,42.81
2154,1828,10,3,60.04
2155,1794,6,4,421.49
2156,1064,41,4,205.12
2157,654,28,3,147.85
2158,497,27,5,260.29
2159,1180,23,4,496.44
2160,322,42,5,185.14
2161,1616,1,4,390.2
2162,1086,19,2,47.64
2163,358,12,5,302.69
2164,1203,5,5,241.01
2165,1435,19,1,337.1
2166,1094,19,3,101.79
2167,168,38,5,295.49
2168,1354,14,2,223.69
2169,1552,7,3,187.23
2170,860,2,1,474.34
2171,1336,25,5,218.96
2172,1241,39,2,47.68
2173,1555,34,3,234.57
2174,1917,42,2,189.94
2175,1705,29,3,175.59
2176,1582,26,4,277.01
2177,451,12,5,433.79
2178,379,26,1,326.13
2179,75,36,5,12.3
2180,1983,18,1,251.23
2181,1363,29,3,289.28
2182,579,26,3,78.87
2183,1357,19,2,174.95
2184,1539,41,2,28.83
2185,1609,46,5,363.72
2186,966,39,2,37.49
2187,1158,5,5,330.14
2188,553,18,4,65.14
2189,436,22,2,36.52
2190,845,2,3,463.19
2191,996,19,3,59.78
2192,98,29,3,356.64
2193,1221,25,1,459.45
2194,896,7,5,385.23
2195,139,10,4,330.31
2196,1602,13,5,430.55
2197,85,10,4,161.94
2198,1744,16,5,352.95
2199,1369,24,2,194.14
2200,644,26,4,177.77
2201,663,23,2,202.34
2202,426,13,1,141.66
2203,646,4,5,264.1
2204,806,1,2,257.48
2205,518,29,5,147.82
2206,771,29,4,184.09
2207,1027,25,3,239.64
2208,202,2,2,364.56
2209,1516,23,4,486.67
2210,1593,18,3,280.89
2211,1274,24,3,461.56
2212,1318,15,1,12.2
2213,930,22,4,327.85
2214,845,26,1,468.57
2215,1455,32,5,254.55
2216,1300,31,3,341.17
2217,707,37,2,151.48
2218,1211,41,1,269.1
2219,1430,45,5,233.39
2220,1964,48,2,390.18
2221,71,25,5,281.98
2222,606,31,2,383.21
2223,1352,1,3,297.76
2224,117,35,4,443.05
2225,1912,25,3,156.45
2226,884,15,4,388.65
2227,1036,5,3,439.44
2228,504,41,4,101.4
2229,810,8,5,97.07
2230,1624,35,2,303.69
2231,301,3,2,373.35
2232,311,19,4,25.31
2233,208,19,1,93.72
2234,329,8,2,381.18
2235,1436,44,3,283.6
2236,1283,26,4,343.79
2237,495,32,2,355.71
2238,1257,36,1,252.71
2239,1470,24,4,239.01
2240,1619,44,2,43.71
2241,833,28,1,134.18
2242,890,18,5,436.33
2243,588,29,5,434.5
2244,443,38,5,251.87
2245,1643,28,4,320.44
2246,1184,49,2,314.62
2247,450,2,5,418.49
2248,613,9,2,101.05
2249,1600,4,5,128.07
2250,259,13,1,72.07
2251,1409,18,3,222.82
2252,1454,42,4,315.69
2253,1820,44,2,239.96
2254,1229,46,3,323.19
2255,1009,12,3,119.11
2256,146,43,4,365.8
2257,69,31,4,187.02
2258,1466,19,5,110.82
2259,1295,41,3,129.89
2260,460,13,3,79.89
2261,836,6,3,272.84
2262,1883,42,3,469.99
2263,1479,47,1,308.92
2264,92,32,2,466.91
2265,271,1,4,46.69
2266,840,12,2,474.92
2267,1657,13,2,181.42
2268,351,15,5,473.67
2269,1212,40,2,58.1
2270,1230,35,4,80.15
2271,1906,31,4,456.92
2272,1989,26,2,207.65
2273,811,3,4,11.21
2274,1220,27,4,86.47
2275,1719,14,3,194.57
2276,33,36,3,412.9
2277,59,23,2,125.3
2278,575,49,4,142.29
2279,293,40,4,407.9
2280,1943,20,3,271.66
2281,324,10,1,71.13
2282,1658,17,5,308.24
2283,736,41,2,302.67
2284,991,36,2,490.63
2285,1660,8,1,442.43
2286,1661,18,4,322.1
2287,1649,42,4,187.05
2288,687,8,5,254.0
2289,348,3,3,384.14
2290,1427,25,1,400.27
2291,213,14,1,330.99
2292,1014,25,1,166.7
2293,385,37,3,238.74
2294,1907,33,4,130.79
2295,1235,27,5,93.46
2296,707,37,4,253.85
2297,422,40,5,259.56
2298,49,43,3,466.48
2299,970,1,5,155.17
2300,1783,1,1,45.06
2301,323,25,1,469.45
2302,113,5,1,385.2
2303,635,50,1,312.47
2304,1189,9,2,264.84
2305,1690,30,2,236.88
2306,319,16,5,131.52
2307,1693,43,5,58.09
2308,94,48,5,127.34
2309,961,28,2,430.94
2310,968,9,4,318.17
2311,1446,11,1,349.72
2312,1596,44,4,400.18
2313,508,6,1,230.42
2314,170,50,4,368.16
2315,247,21,3,263.79
2316,362,16,1,214.92
2317,334,10,2,371.28
2318,1121,5,2,88.76
2319,783,23,5,345.02
2320,1652,40,1,130.84
2321,1214,1,1,426.09
2322,1213,20,4,431.26
2323,16,47,1,403.99
2324,666,36,2,295.71
2325,1632,43,4,309.87
2326,59,32,4,483.55
2327,140,47,3,278.56
2328,332,39,2,23.85
2329,1523,15,4,239.32
2330,735,21,3,128.82
2331,1818,23,2,199.31
2332,1072,37,5,373.59
2333,1964,31,5,470.84
2334,1908,18,5,140.58
2335,394,6,3,150.6
2336,726,44,2,265.93
2337,648,3,4,476.71
2338,1824,39,5,96.73
2339,1356,4,5,365.0
2340,836,15,2,65.28
2341,1965,31,5,207.7
2342,447,12,4,384.75
2343,1457,32,1,86.38
2344,1112,3,5,162.82
2345,555,22,2,113.06
2346,331,21,3,75.16
2347,949,11,2,81.1
2348,1203,33,2,198.76
2349,145,32,3,308.54
2350,980,22,5,421.85
2351,176,9,2,40.86
2352,1240,32,1,146.17
2353,1812,29,4,283.04
2354,101,31,1,302.76
2355,825,28,3,379.74
2356,1519,50,2,301.5
2357,304,25,3,378.75
2358,1796,29,2,220.21
2359,304,1,2,138.43
2360,1925,32,1,264.01
2361,203,1,3,456.16
2362,858,38,5,106.9
2363,19,6,2,272.93
2364,13,34,3,104.46
2365,623,24,2,243.24
2366,1460,31,4,390.4
2367,808,24,4,179.63
2368,808,24,1,383.33
2369,1061,7,3,71.8
2370,416,40,2,12.86
2371,297,9,2,433.67
2372,1498,31,3,85.21
2373,1729,23,5,190.01
2374,1399,29,1,483.17
2375,1457,14,5,229.25
2376,293,10,5,246.88
2377,458,26,1,19.5
2378,1529,18,5,54.99
2379,1847,26,1,96.96
2380,838,34,1,472.3
2381,1128,38,2,380.51
2382,109,25,1,100.55
2383,1513,42,2,102.62
2384,1380,20,3,309.59
2385,426,44,4,51.07
2386,1578,17,4,157.32
2387,417,48,2,400.39
2388,365,30,3,55.26
2389,133,21,5,321.71
2390,1706,48,3,285.09
2391,322,4,2,317.57
2392,1703,10,3,132.06
2393,178,28,3,454.4
2394,826,22,4,352.13
2395,1278,28,1,437.01
2396,1613,50,2,96.16
2397,57,45,3,256.46
2398,998,15,1,480.83
2399,397,20,3,111.17
2400,1509,24,1,463.5
2401,400,47,4,156.53
2402,662,37,3,453.75
2403,1646,39,2,338.01
2404,1042,41,4,497.33
2405,1502,45,3,52.37
2406,1029,26,1,454.11
2407,619,5,5,143.61
2408,322,42,3,320.25
2409,1750,13,5,200.1
2410,998,5,3,324.34
2411,1513,4,5,459.5
2412,1487,40,1,221.8
2413,590,6,5,407.41
2414,776,28,1,18.97
2415,199,24,2,58.23
2416,1128,16,1,313.92
2417,516,44,5,181.78
2418,555,25,4,457.85
2419,1098,39,4,163.62
2420,1684,7,1,385.96
2421,1817,49,5,379.19
2422,919,5,2,444.99
2423,962,27,5,338.2
2424,1763,30,5,114.22
2425,545,26,3,197.2
2426,1039,49,1,105.13
2427,1927,29,3,75.94
2428,556,5,1,444.78
2429,1286,1,2,250.08
2430,1311,49,2,498.98
2431,1047,48,1,490.41
2432,360,6,5,138.59
2433,713,6,2,219.25
2434,1493,26,4,71.64
2435,1350,16,3,269.22
2436,1196,48,2,26.29
2437,516,24,3,237.28
2438,1282,41,2,210.74
2439,1010,39,3,222.64
2440,705,7,5,18.98
2441,1730,48,4,418.03
2442,297,8,5,449.27
2443,320,31,2,37.92
2444,1178,42,2,47.02
2445,603,21,3,207.71
2446,351,49,4,151.83
2447,166,47,4,183.95
2448,93,49,4,181.63
2449,1677,36,1,10.86
2450,1550,45,5,495.76
2451,1501,42,2,186.84
2452,192,4,5,352.62
2453,229,13,4,438.47
2454,1759,38,1,284.93
2455,1249,50,1,154.82
2456,724,22,3,187.62
2457,138,22,1,412.26
2458,582,50,1,457.77
2459,1032,25,1,190.73
2460,417,33,3,323.72
2461,278,29,3,400.01
2462,902,31,1,464.31
2463,1462,41,2,164.31
2464,517,7,3,313.98
2465,1569,1,2,233.03
2466,1987,43,4,392.07
2467,242,19,5,130.77
2468,936,5,1,305.9
2469,814,29,1,83.57
2470,29,8,3,367.25
2471,138,48,2,229.13
2472,235,26,3,107.51
2473,1883,47,1,216.9
2474,1363,39,3,263.86
2475,103,16,2,359.42
2476,1922,7,2,55.01
2477,600,16,1,133.89
2478,1756,18,5,150.87
2479,952,25,3,423.01
2480,1066,27,5,217.28
2481,878,19,3,356.92
2482,1618,43,2,217.63
2483,1592,9,5,374.76
2484,1179,17,2,325.71
2485,1808,27,3,262.65
2486,1260,4,5,113.18
2487,1187,28,2,33.38
2488,338,24,4,397.41
2489,1101,5,1,433.87
2490,1472,23,3,449.85
2491,1016,37,3,194.44
2492,385,37,4,229.92
2493,295,38,5,165.68
2494,564,27,3,354.12
2495,219,25,2,253.79
2496,1972,21,1,355.48
2497,1385,3,4,289.28
2498,1983,4,2,269.43
2499,779,1,4,80.76
2500,519,29,4,150.35
2501,1725,49,2,306.92
2502,1500,49,5,305.26
2503,1487,12,3,124.14
2504,1696,40,2,182.24
2505,1437,26,2,292.01
2506,1120,29,4,400.56
2507,593,38,5,214.76
2508,1590,21,2,166.58
2509,822,28,4,478.19
2510,1833,9,1,370.75
2511,493,25,1,31.78
2512,207,41,2,106.76
2513,1147,46,4,247.41
2514,1717,13,5,497.23
2515,274,17,1,345.79
2516,95,33,1,355.52
2517,1936,13,1,366.38
2518,340,3,4,448.53
2519,1257,46,4,179.3
2520,1157,26,2,481.75
2521,762,30,1,382.25
2522,85,43,2,281.05
2523,1037,23,5,131.69
2524,818,25,2,65.58
2525,165,25,3,453.57
2526,1459,37,5,49.38
2527,545,50,5,136.02
2528,1534,28,2,445.11
2529,502,34,3,223.79
2530,93,22,2,80.24
2531,798,10,5,109.67
2532,673,50,4,344.68
2533,1266,18,5,466.29
2534,932,34,3,411.5
2535,683,25,2,49.3
2536,1064,21,1,91.04
2537,1068,42,3,96.75
2538,1200,50,2,187.21
2539,1903,45,2,420.04
2540,1569,26,3,160.83
2541,286,6,5,429.48
2542,910,47,5,97.18
2543,893,26,1,146.29
2544,866,44,2,92.19
2545,719,45,4,291.18
2546,25,2,5,201.02
2547,129,4,3,158.07
2548,853,29,4,47.2
2549,193,32,3,348.66
2550,953,30,2,295.89
2551,584,12,3,360.32
2552,773,17,5,290.6
2553,1458,1,5,472.8
2554,1778,41,3,440.18
2555,827,37,3,337.02
2556,386,39,4,293.01
2557,909,35,4,421.35
2558,1750,44,4,330.34
2559,64,13,2,316.93
2560,1223,11,4,135.67
2561,922,37,2,426.83
2562,1720,2,4,22.24
2563,143,9,4,185.45
2564,1235,50,5,472.93
2565,126,2,1,384.33
2566,1151,37,5,340.03
2567,753,41,3,431.6
2568,1887,22,5,422.64
2569,90,10,1,233.4
2570,1719,1,2,432.62
2571,1813,42,5,274.3
2572,516,9,1,376.16
2573,1492,47,4,315.48
2574,56,32,3,385.16
2575,1495,31,2,165.05
2576,671,8,4,172.5
2577,544,7,4,146.03
2578,176,9,1,367.41
2579,1512,13,1,386.41
2580,1835,33,4,434.2
2581,254,41,3,385.17
2582,456,1,2,380.04
2583,923,19,2,386.92
2584,53,11,1,341.17
2585,624,24,2,354.8
2586,1811,40,4,92.86
2587,1779,34,2,208.53
2588,35,34,4,447.77
2589,372,40,1,116.5
2590,243,39,5,348.55
2591,1923,38,1,391.79
2592,229,35,4,17.95
2593,697,13,3,490.29
2594,1564,14,5,391.09
2595,1830,44,1,248.13
2596,504,14,4,242.88
2597,905,7,2,438.96
2598,272,22,3,429.99
2599,1879,1,3,223.36
2600,194,9,1,414.53
2601,1165,34,5,246.09
2602,1244,44,4,478.59
2603,1461,5,5,379.95
2604,1556,34,1,293.46
2605,437,32,2,447.32
2606,13,26,1,278.12
2607,465,50,4,43.71
2608,1065,6,3,425.09
2609,673,6,5,208.66
2610,1625,15,5,420.66
2611,801,42,5,389.67
2612,77,10,1,121.09
2613,1842,39,1,50.18
2614,501,24,2,137.92
2615,1714,28,2,168.95
2616,665,3,2,117.3
2617,1410,30,3,270.25
2618,688,41,1,15.43
2619,89,12,3,250.84
2620,1138,7,1,384.41
2621,283,38,3,302.44
2622,1100,11,2,311.72
2623,293,49,2,257.67
2624,98,44,5,306.26
2625,269,36,3,493.48
2626,561,33,5,493.23
2627,1738,37,1,483.66
2628,113,24,3,156.8
2629,271,4,4,363.07
2630,18,14,4,344.24
2631,1533,17,4,177.68
2632,406,41,5,195.56
2633,703,24,4,364.56
2634,1059,37,1,130.26
2635,1728,12,5,209.45
2636,1137,30,2,373.85
2637,388,46,2,259.97
2638,16,25,5,397.79
2639,21,13,1,442.52
2640,53,22,5,97.29
2641,901,23,4,99.85
2642,1657,32,3,184.61
2643,1144,21,2,356.29
2644,935,33,3,290.14
2645,1806,5,1,211.13
2646,273,2,4,103.91
2647,1702,9,5,291.1
2648,1755,10,2,303.64
2649,633,7,1,379.84
2650,821,25,2,313.5
2651,1835,38,4,418.27
2652,1109,27,4,228.75
2653,984,23,1,418.26
2654,460,45,5,61.52
2655,450,30,2,296.61
2656,1626,2,4,196.83
2657,1313,13,4,417.19
2658,1774,38,3,144.78
2659,905,40,3,272.59
2660,1569,35,4,499.51
2661,1918,13,5,442.21
2662,1405,28,3,313.15
2663,860,44,4,498.45
2664,1425,33,3,78.35
2665,1032,41,1,76.73
2666,687,42,2,14.01
2667,699,3,4,207.77
2668,765,10,5,387.0
2669,1312,30,5,71.49
2670,1763,21,5,336.66
2671,1842,6,4,39.62
2672,1838,24,3,138.31
2673,1572,29,1,452.78
2674,1898,6,5,140.38
2675,1377,4,1,424.38
2676,1101,46,2,485.18
2677,946,47,5,416.37
2678,1542,46,4,491.57
2679,1125,50,2,452.81
2680,1263,14,2,36.3
2681,1574,19,2,38.5
2682,173,7,1,251.85
2683,665,7,5,75.8
2684,1653,21,2,461.54
2685,1810,2,5,57.15
2686,1511,29,1,370.48
2687,173,16,1,228.81
2688,1897,10,2,362.01
2689,570,42,3,27.59
2690,143,10,1,384.54
2691,737,20,2,246.67
2692,1357,18,5,190.2
2693,1142,20,1,213.32
2694,1989,19,5,482.28
2695,863,42,1,361.4
2696,1273,44,4,429.27
2697,1254,34,5,418.59
2698,979,40,5,477.68
2699,703,14,1,358.3
2700,400,25,1,240.57
2701,13,28,5,98.89
2702,121,5,4,250.07
2703,842,35,1,277.2
2704,1890,6,3,231.91
2705,68,4,4,197.86
2706,1250,16,4,150.65
2707,1932,31,4,75.51
2708,1527,25,4,340.23
2709,811,44,1,153.64
2710,1644,19,5,14.09
2711,227,28,2,67.49
2712,120,27,4,477.64
2713,1288,7,5,127.42
2714,1259,22,4,98.27
2715,256,39,5,454.34
2716,595,11,2,356.94
2717,1572,21,2,286.95
2718,533,40,2,209.39
2719,1447,3,5,395.06
2720,1680,49,3,488.4
2721,1989,20,4,497.5
2722,566,34,1,498.65
2723,816,38,2,131.86
2724,530,23,3,73.35
2725,988,25,4,167.91
2726,1179,10,4,450.64
2727,1886,20,2,52.01
2728,336,12,3,121.57
2729,870,46,2,348.68
2730,850,36,3,323.52
2731,1221,24,2,60.81
2732,1649,12,2,495.47
2733,1810,33,4,287.53
2734,1085,41,2,332.25
2735,152,34,4,369.03
2736,1058,24,3,218.97
2737,1473,18,3,297.57
2738,301,39,4,172.11
2739,553,16,1,197.43
2740,1415,25,3,29.53
2741,1820,39,1,44.02
2742,684,43,2,233.43
2743,769,8,4,209.6
2744,182,1,3,414.33
2745,1121,22,2,269.07
2746,1085,11,2,111.39
2747,1747,21,5,178.99
2748,122,36,2,462.78
2749,557,33,4,137.2
2750,1368,6,4,444.7
2751,1411,44,1,79.21
2752,143,21,2,207.26
2753,397,3,3,453.5
2754,536,21,1,107.14
2755,644,37,4,393.02
2756,386,11,4,92.66
2757,1245,25,2,216.52
2758,154,45,3,207.99
2759,1536,24,4,265.88
2760,258,13,5,367.36
2761,757,34,1,94.37
2762,1672,16,3,246.56
2763,1270,34,2,47.05
2764,532,3,5,262.94
2765,1077,35,2,173.02
2766,454,29,4,421.59
2767,205,25,2,310.81
2768,826,14,4,316.66
2769,1060,41,5,340.44
2770,415,18,3,71.43
2771,1596,40,1,125.83
2772,1456,49,2,107.99
2773,552,41,5,387.1
2774,588,3,3,35.18
2775,993,33,4,30.88
2776,1821,13,4,454.84
2777,1934,48,5,366.32
2778,1213,50,4,209.12
2779,1422,44,4,212.71
2780,1058,18,1,49.57
2781,289,33,3,194.17
2782,833,38,1,450.04
2783,977,20,2,97.91
2784,224,45,2,36.04
2785,1110,47,3,39.04
2786,637,17,1,134.53
2787,1892,34,1,492.3
2788,662,16,2,48.4
2789,753,29,4,292.18
2790,1827,7,4,353.01
2791,35,16,3,339.43
2792,554,3,4,356.7
2793,1411,2,3,271.24
2794,1155,33,1,453.35
2795,1180,5,4,459.47
2796,1885,3,3,98.82
2797,1675,16,3,217.84
2798,731,15,5,260.12
2799,1635,28,2,24.51
2800,1536,1,5,377.28
2801,1600,16,4,348.25
2802,1718,27,5,241.31
2803,100,13,5,482.77
2804,761,20,3,434.96
2805,911,28,5,377.54
2806,821,31,5,385.46
2807,1128,7,4,467.61
2808,1632,48,4,249.67
2809,141,2,1,224.0
2810,1452,17,3,318.76
2811,581,23,5,346.71
2812,582,14,3,37.94
2813,17,10,2,71.6
2814,699,34,3,315.84
2815,201,19,5,99.88
2816,223,48,2,36.26
2817,1989,46,5,149.11
2818,929,10,2,443.78
2819,775,8,5,218.93
2820,1633,33,4,470.92
2821,4,9,2,432.55
2822,1724,9,2,336.41
2823,1691,18,2,65.1
2824,400,1,2,209.44
2825,807,31,1,169.91
2826,1175,24,1,26.6
2827,845,45,5,414.06
2828,1464,15,1,130.19
2829,1258,8,2,89.11
2830,262,33,1,322.47
2831,547,46,3,464.24
2832,1583,8,4,496.67
2833,1459,7,3,350.36
2834,165,16,3,179.95
2835,1605,9,1,345.09
2836,839,8,4,405.25
2837,1244,11,5,313.2
2838,69,32,1,372.36
2839,422,35,1,199.65
2840,1345,23,2,489.27
2841,536,19,2,269.58
2842,1801,37,1,122.45
2843,1099,27,4,135.91
2844,585,27,4,362.01
2845,106,2,1,233.82
2846,298,3,3,162.44
2847,954,3,3,81.63
2848,1462,23,5,114.55
2849,1377,12,2,80.02
2850,1152,18,2,80.7
2851,565,17,3,457.26
2852,120,21,4,121.94
2853,964,47,5,404.76
2854,649,24,4,227.22
2855,428,50,2,207.77
2856,611,25,1,494.73
2857,1915,18,1,498.16
2858,504,28,2,171.86
2859,119,27,3,388.85
2860,1627,37,3,496.0
2861,506,33,5,286.35
2862,709,7,1,467.02
2863,1457,40,4,195.73
2864,394,3,2,61.28
2865,857,49,2,44.08
2866,613,46,3,110.38
2867,1945,9,5,103.21
2868,1616,8,5,129.97
2869,1785,4,2,191.13
2870,1549,41,3,330.37
2871,1763,36,4,180.89
2872,1544,48,5,235.81
2873,273,5,2,360.06
2874,299,22,5,269.66
2875,181,36,4,344.32
2876,482,20,5,222.25
2877,1014,30,3,273.07
2878,1273,33,4,226.58
2879,722,38,1,381.01
2880,1236,39,3,222.16
2881,1832,32,4,83.85
2882,870,32,5,32.56
2883,507,28,1,261.25
2884,1129,6,3,299.22
2885,1453,34,4,158.92
2886,1352,44,3,458.53
2887,95,13,4,325.92
2888,1717,34,2,353.44
2889,1423,2,4,386.49
2890,1558,44,4,164.56
2891,1143,15,2,53.76
2892,414,27,1,230.58
2893,29,45,1,218.65
2894,580,18,5,327.35
2895,1248,50,4,369.1
2896,259,39,3,321.95
2897,1595,35,3,90.39
2898,379,20,5,300.74
2899,313,8,3,23.05
2900,1741,44,2,279.21
2901,405,10,5,488.61
2902,121,26,4,152.67
2903,262,40,1,15.76
2904,1880,48,4,171.35
2905,1552,17,3,152.04
2906,441,19,2,239.84
2907,1073,22,1,299.6
2908,1270,26,3,321.04
2909,861,50,4,452.75
2910,37,50,2,190.36
2911,793,17,1,275.91
2912,142,6,3,46.64
2913,464,4,3,199.4
2914,1358,42,1,60.54
2915,871,17,3,295.66
2916,904,12,5,485.92
2917,1572,6,3,164.45
2918,963,42,1,248.52
2919,1060,18,2,276.96
2920,634,28,3,491.7
2921,955,22,2,171.62
2922,1406,47,2,408.47
2923,866,39,1,209.37
2924,440,14,3,97.72
2925,522,30,3,190.72
2926,1187,5,3,139.61
2927,1286,41,3,471.84
2928,1710,3,3,29.79
2929,911,48,3,343.26
2930,951,49,2,260.97
2931,1745,40,2,437.76
2932,389,41,4,376.4
2933,1950,5,4,310.96
2934,1070,16,1,492.98
2935,1005,36,3,271.99
2936,1113,8,3,209.83
2937,1592,6,4,438.2
2938,354,10,2,388.66
2939,1539,16,5,302.62
2940,1591,33,5,193.97
2941,631,43,1,182.86
2942,663,6,2,430.83
2943,76,37,4,25.78
2944,1304,17,2,303.54
2945,1247,20,2,376.58
2946,1194,43,5,137.06
2947,1233,14,1,207.25
2948,543,33,1,104.67
2949,792,34,3,362.69
2950,578,43,1,57.76
2951,883,37,4,287.58
2952,781,32,1,151.84
2953,462,7,5,442.27
2954,269,10,3,11.99
2955,1453,9,5,211.81
2956,616,27,1,362.9
2957,1749,7,2,383.4
2958,1045,33,2,135.55
2959,1137,14,2,163.59
2960,1251,30,3,403.79
2961,1945,29,4,451.14
2962,1108,39,2,89.33
2963,1730,3,5,71.53
2964,1684,35,1,316.59
2965,1145,29,5,342.66
2966,1345,9,4,30.23
2967,1614,1,1,94.93
2968,113,7,3,468.13
2969,261,28,4,216.14
2970,1198,24,2,473.95
2971,1964,11,1,222.65
2972,609,23,2,56.77
2973,531,6,3,312.29
2974,980,2,4,276.01
2975,1134,37,4,133.97
2976,991,22,2,461.08
2977,1958,49,3,332.91
2978,1917,34,5,230.18
2979,1072,49,5,275.37
2980,1086,12,4,98.92
2981,85,41,5,234.66
2982,1412,17,5,355.14
2983,676,6,3,152.25
2984,111,18,2,216.48
2985,1202,1,5,108.98
2986,689,43,3,259.28
2987,1153,26,5,296.65
2988,1549,37,5,359.43
2989,1923,33,4,328.76
2990,154,8,1,407.1
2991,81,36,4,445.18
2992,1514,31,3,467.19
2993,879,33,5,64.94
2994,1033,23,3,69.16
2995,1586,28,5,317.92
2996,1853,11,2,494.14
2997,279,28,2,459.85
2998,23,47,3,378.16
2999,1985,31,2,409.09
3000,1411,2,5,493.64
