payment_id,order_id,payment_method,payment_value
1,331,Boleto,550.67
2,1180,Pix,633.48
3,417,Pix,834.26
4,1063,Pix,737.11
5,839,Debit Card,615.02
6,1879,Credit Card,568.31
7,1581,Boleto,468.96
8,834,Pix,559.03
9,814,Boleto,901.58
10,1441,Boleto,751.56
11,442,Credit Card,995.05
12,414,Credit Card,467.91
13,1607,Debit Card,774.42
14,589,Debit Card,999.66
15,106,Boleto,958.64
16,1439,Boleto,629.06
17,462,Credit Card,388.75
18,1948,Credit Card,391.81
19,1965,Pix,702.61
20,1001,Debit Card,776.19
21,714,Boleto,392.2
22,503,Boleto,989.22
23,700,Pix,974.16
24,1006,Debit Card,185.4
25,674,Boleto,923.11
26,654,Pix,500.75
27,1197,Debit Card,178.75
28,590,Pix,38.89
29,85,Debit Card,691.19
30,892,Boleto,131.67
31,281,Pix,514.95
32,1231,Credit Card,566.42
33,1870,Debit Card,797.61
34,647,Boleto,631.85
35,932,Credit Card,316.19
36,1027,Pix,73.64
37,6,Debit Card,202.24
38,121,Credit Card,117.73
39,614,Pix,668.85
40,263,Credit Card,104.4
41,909,Pix,955.93
42,990,Credit Card,247.19
43,1771,Boleto,935.04
44,1021,Boleto,531.75
45,1045,Credit Card,305.24
46,605,Pix,345.27
47,78,Debit Card,554.08
48,1911,Credit Card,627.64
49,72,Debit Card,721.67
50,1054,Boleto,482.3
51,674,Pix,175.22
52,1062,Pix,474.36
53,1477,Debit Card,167.11
54,1540,Boleto,564.12
55,1532,Credit Card,836.53
56,319,Pix,478.65
57,1914,Debit Card,971.47
58,568,Boleto,757.95
59,527,Credit Card,103.82
60,1788,Boleto,76.39
61,261,Debit Card,327.51
62,231,Pix,537.19
63,166,Boleto,918.25
64,1906,Pix,882.18
65,736,Pix,404.68
66,1213,Debit Card,947.63
67,1615,Pix,833.43
68,514,Boleto,434.32
69,1865,Debit Card,203.4
70,406,Credit Card,510.67
71,1751,Debit Card,542.31
72,1448,Credit Card,706.58
73,1924,Boleto,809.06
74,1133,Pix,842.03
75,499,Boleto,542.07
76,1301,Pix,973.54
77,1732,Credit Card,624.45
78,749,Credit Card,152.19
79,1204,Credit Card,48.64
80,645,Pix,126.35
81,836,Pix,541.17
82,175,Credit Card,103.3
83,543,Credit Card,978.64
84,1277,Pix,593.06
85,682,Boleto,967.42
86,1103,Boleto,532.73
87,603,Credit Card,149.57
88,1378,Debit Card,743.02
89,809,Debit Card,77.42
90,1462,Debit Card,391.01
91,287,Pix,852.7
92,368,Pix,385.17
93,49,Boleto,585.28
94,328,Pix,306.76
95,470,Credit Card,488.77
96,1511,Debit Card,120.01
97,172,Credit Card,559.27
98,878,Pix,573.42
99,1375,Debit Card,541.47
100,1952,Debit Card,535.3
101,1472,Boleto,232.76
102,1436,Credit Card,683.64
103,1296,Pix,358.86
104,1927,Pix,162.21
105,1246,Debit Card,835.8
106,371,Debit Card,383.13
107,1905,Pix,857.02
108,1160,Pix,260.52
109,855,Boleto,424.75
110,1272,Credit Card,852.39
111,1014,Boleto,801.0
112,454,Debit Card,250.23
113,1529,Debit Card,116.51
114,861,Credit Card,720.25
115,438,Debit Card,478.63
116,1291,Boleto,694.33
117,1584,Debit Card,69.54
118,1015,Debit Card,296.45
119,1005,Credit Card,57.67
120,1658,Boleto,747.3
121,436,Debit Card,54.7
122,1952,Debit Card,235.72
123,198,Pix,618.9
124,1055,Pix,321.77
125,678,Credit Card,833.16
126,1758,Boleto,821.26
127,326,Boleto,128.99
128,1359,Credit Card,333.06
129,365,Debit Card,645.5
130,976,Debit Card,533.41
131,189,Debit Card,527.82
132,1785,Boleto,379.91
133,41,Pix,63.56
134,1976,Boleto,428.83
135,74,Boleto,79.82
136,798,Credit Card,482.29
137,1099,Debit Card,699.86
138,1306,Debit Card,599.77
139,1524,Boleto,959.63
140,1119,Pix,600.0
141,70,Credit Card,696.26
142,19,Debit Card,307.42
143,1347,Credit Card,718.18
144,1834,Credit Card,549.06
145,1464,Credit Card,957.05
146,190,Debit Card,880.33
147,1333,Boleto,718.35
148,1224,Credit Card,382.03
149,864,Debit Card,321.24
150,674,Debit Card,467.14
151,66,Debit Card,357.07
152,60,Credit Card,484.08
153,377,Credit Card,934.6
154,1837,Credit Card,799.79
155,1034,Pix,720.36
156,1218,Debit Card,730.83
157,1103,Pix,872.93
158,474,Credit Card,297.59
159,1563,Debit Card,140.61
160,1495,Boleto,908.11
161,586,Boleto,651.53
162,907,Boleto,36.28
163,1368,Debit Card,111.46
164,1509,Debit Card,919.62
165,395,Credit Card,356.19
166,829,Debit Card,828.27
167,124,Credit Card,504.9
168,388,Credit Card,331.37
169,890,Pix,474.06
170,493,Credit Card,357.69
171,1046,Credit Card,547.57
172,1394,Boleto,300.26
173,495,Credit Card,301.88
174,419,Pix,857.05
175,1759,Pix,252.97
176,210,Debit Card,895.04
177,1037,Boleto,569.57
178,228,Credit Card,143.58
179,71,Boleto,203.3
180,700,Boleto,925.3
181,1702,Pix,676.75
182,1489,Credit Card,273.2
183,91,Boleto,342.85
184,1196,Credit Card,584.82
185,954,Debit Card,365.12
186,1756,Credit Card,530.75
187,501,Boleto,825.22
188,391,Boleto,54.57
189,1131,Debit Card,431.58
190,352,Debit Card,932.21
191,1080,Credit Card,899.29
192,154,Pix,797.3
193,474,Pix,91.49
194,201,Pix,200.54
195,1535,Boleto,52.36
196,1704,Credit Card,569.51
197,1229,Pix,730.92
198,989,Credit Card,803.42
199,1859,Boleto,714.61
200,1229,Pix,650.02
201,485,Pix,870.08
202,1189,Credit Card,805.58
203,488,Boleto,518.35
204,1363,Debit Card,537.09
205,537,Credit Card,442.64
206,1076,Debit Card,421.04
207,654,Debit Card,171.27
208,1023,Credit Card,324.01
209,555,Boleto,692.4
210,1142,Credit Card,164.96
211,1501,Boleto,143.7
212,1544,Pix,284.97
213,660,Boleto,250.36
214,559,Credit Card,799.47
215,320,Boleto,738.45
216,1819,Boleto,344.75
217,242,Boleto,849.23
218,472,Credit Card,675.69
219,360,Credit Card,328.26
220,997,Pix,511.25
221,1649,Boleto,405.84
222,1478,Pix,22.46
223,1856,Pix,679.18
224,536,Debit Card,89.14
225,1792,Pix,229.74
226,1787,Credit Card,66.43
227,1426,Debit Card,312.2
228,169,Pix,529.42
229,1509,Pix,474.03
230,1786,Debit Card,421.45
231,565,Credit Card,118.99
232,277,Boleto,769.0
233,1265,Pix,979.89
234,963,Boleto,335.25
235,1075,Pix,464.41
236,583,Debit Card,308.85
237,547,Pix,54.1
238,275,Debit Card,778.83
239,1696,Boleto,809.54
240,1503,Debit Card,227.21
241,1315,Debit Card,672.68
242,174,Boleto,672.61
243,1505,Pix,89.98
244,1891,Boleto,891.24
245,306,Credit Card,830.94
246,1282,Credit Card,658.3
247,425,Debit Card,736.68
248,1362,Boleto,538.88
249,66,Boleto,904.72
250,502,Debit Card,655.14
251,1733,Pix,407.48
252,104,Boleto,540.77
253,1017,Boleto,932.43
254,1010,Debit Card,468.86
255,114,Boleto,42.48
256,1455,Boleto,844.0
257,1910,Debit Card,392.53
258,1344,Credit Card,748.81
259,1640,Credit Card,712.32
260,417,Pix,71.65
261,1852,Boleto,347.02
262,1760,Pix,954.65
263,259,Debit Card,523.05
264,1651,Pix,633.52
265,1760,Pix,396.84
266,987,Credit Card,657.01
267,1139,Debit Card,535.48
268,601,Pix,529.97
269,647,Debit Card,515.58
270,1496,Credit Card,207.75
271,640,Boleto,714.14
272,961,Boleto,351.75
273,806,Boleto,278.2
274,346,Credit Card,548.35
275,392,Boleto,185.39
276,1613,Boleto,735.92
277,227,Boleto,754.53
278,1613,Pix,30.76
279,306,Credit Card,704.19
280,824,Boleto,361.24
281,787,Boleto,293.41
282,1348,Credit Card,959.51
283,1024,Boleto,146.0
284,1621,Credit Card,447.27
285,94,Credit Card,522.81
286,1529,Boleto,78.21
287,939,Credit Card,418.94
288,1174,Debit Card,786.74
289,282,Boleto,718.51
290,400,Credit Card,456.51
291,304,Debit Card,248.59
292,1805,Pix,641.12
293,1485,Boleto,418.64
294,1207,Credit Card,553.67
295,1282,Boleto,467.48
296,788,Boleto,344.99
297,1893,Debit Card,243.22
298,1319,Credit Card,198.91
299,1398,Pix,443.25
300,715,Pix,190.03
301,183,Debit Card,290.44
302,738,Pix,849.68
303,859,Boleto,225.86
304,199,Boleto,210.88
305,1423,Debit Card,314.96
306,398,Boleto,516.34
307,1092,Boleto,892.59
308,1031,Debit Card,134.43
309,1158,Pix,681.46
310,355,Credit Card,707.59
311,1260,Credit Card,267.73
312,1210,Boleto,78.41
313,1854,Pix,587.69
314,1528,Pix,958.02
315,1388,Boleto,927.39
316,1673,Pix,985.84
317,1490,Boleto,211.57
318,1305,Debit Card,986.25
319,1540,Boleto,42.31
320,1311,Boleto,612.49
321,498,Credit Card,95.46
322,1566,Pix,187.51
323,1378,Pix,506.07
324,415,Debit Card,519.2
325,1274,Boleto,965.99
326,1661,Debit Card,468.01
327,84,Debit Card,487.0
328,1727,Pix,864.66
329,572,Credit Card,575.92
330,1088,Pix,602.01
331,1367,Pix,805.81
332,1274,Pix,957.38
333,1735,Debit Card,250.47
334,1422,Debit Card,99.48
335,1484,Boleto,612.1
336,1054,Credit Card,932.07
337,926,Credit Card,83.4
338,1277,Debit Card,154.1
339,269,Boleto,819.88
340,1666,Boleto,658.89
341,1452,Debit Card,613.69
342,933,Boleto,591.66
343,709,Pix,404.29
344,1637,Debit Card,678.33
345,1176,Credit Card,409.71
346,1244,Pix,743.33
347,864,Credit Card,167.04
348,1357,Boleto,865.78
349,1560,Boleto,564.6
350,1043,Debit Card,229.1
351,458,Credit Card,57.01
352,1594,Pix,294.59
353,1049,Pix,349.85
354,1888,Pix,768.59
355,1446,Pix,722.49
356,1413,Boleto,714.68
357,653,Pix,493.14
358,1253,Credit Card,477.98
359,736,Pix,405.88
360,1661,Boleto,719.84
361,1572,Pix,106.79
362,1948,Credit Card,905.74
363,855,Pix,456.13
364,191,Debit Card,995.5
365,1771,Boleto,418.8
366,1043,Debit Card,549.99
367,1552,Credit Card,311.99
368,973,Credit Card,682.61
369,1719,Pix,409.39
370,971,Debit Card,580.27
371,473,Boleto,347.62
372,481,Debit Card,757.83
373,1391,Pix,293.65
374,1065,Credit Card,97.05
375,1551,Pix,625.36
376,1871,Debit Card,228.0
377,1751,Debit Card,974.03
378,698,Pix,482.43
379,462,Boleto,366.13
380,1724,Debit Card,463.75
381,1566,Boleto,275.47
382,737,Boleto,172.63
383,1322,Boleto,77.54
384,636,Boleto,971.3
385,1601,Debit Card,808.53
386,1898,Boleto,448.63
387,1771,Debit Card,343.3
388,534,Pix,610.12
389,1986,Credit Card,55.05
390,824,Credit Card,179.95
391,849,Boleto,30.16
392,486,Pix,272.3
393,1709,Boleto,965.41
394,1550,Debit Card,157.56
395,1904,Boleto,674.47
396,78,Boleto,693.04
397,752,Credit Card,441.34
398,795,Debit Card,953.56
399,1476,Debit Card,35.44
400,257,Pix,108.71
401,1777,Credit Card,231.2
402,950,Credit Card,946.32
403,617,Credit Card,546.75
404,1,Boleto,527.78
405,1037,Boleto,540.57
406,1808,Credit Card,600.1
407,249,Boleto,414.76
408,906,Pix,304.77
409,1540,Credit Card,417.26
410,659,Debit Card,321.33
411,1134,Pix,895.75
412,749,Pix,221.22
413,1278,Boleto,58.77
414,734,Debit Card,193.51
415,202,Credit Card,279.87
416,449,Debit Card,180.12
417,1076,Debit Card,23.98
418,1760,Pix,574.07
419,873,Debit Card,604.68
420,542,Pix,536.62
421,1020,Pix,332.64
422,1732,Boleto,959.76
423,1244,Pix,169.34
424,1539,Boleto,508.73
425,1197,Pix,341.58
426,1919,Pix,58.19
427,1679,Debit Card,978.84
428,451,Boleto,699.3
429,826,Boleto,713.15
430,1370,Pix,645.22
431,1067,Pix,60.64
432,350,Debit Card,547.42
433,1601,Boleto,349.76
434,339,Credit Card,450.68
435,203,Credit Card,875.76
436,987,Debit Card,263.68
437,1857,Debit Card,118.17
438,1135,Boleto,68.72
439,912,Debit Card,506.49
440,1166,Credit Card,525.69
441,258,Boleto,932.49
442,1425,Pix,233.67
443,1026,Pix,588.83
444,896,Debit Card,434.34
445,789,Boleto,152.5
446,677,Pix,415.02
447,1514,Debit Card,172.85
448,147,Credit Card,155.76
449,486,Credit Card,198.07
450,1463,Debit Card,242.29
451,1880,Debit Card,131.66
452,402,Boleto,965.41
453,1867,Boleto,924.9
454,1594,Boleto,451.46
455,1486,Credit Card,282.34
456,323,Boleto,591.8
457,982,Boleto,994.74
458,985,Debit Card,552.62
459,1738,Debit Card,693.61
460,862,Credit Card,964.04
461,892,Debit Card,866.02
462,756,Credit Card,690.06
463,523,Boleto,774.39
464,1946,Pix,549.93
465,110,Boleto,863.74
466,465,Debit Card,710.74
467,330,Pix,945.74
468,455,Pix,269.11
469,1977,Debit Card,222.33
470,467,Debit Card,876.61
471,1502,Debit Card,96.64
472,335,Credit Card,62.03
473,75,Boleto,890.07
474,1989,Boleto,466.22
475,550,Pix,352.48
476,190,Debit Card,285.17
477,103,Boleto,252.97
478,542,Credit Card,540.03
479,1295,Debit Card,705.79
480,96,Credit Card,865.02
481,798,Boleto,732.88
482,38,Pix,122.83
483,1808,Credit Card,582.27
484,1643,Debit Card,338.43
485,306,Debit Card,206.87
486,631,Debit Card,215.75
487,1680,Boleto,522.64
488,1913,Pix,155.45
489,1139,Credit Card,994.62
490,986,Credit Card,274.94
491,964,Credit Card,629.61
492,1882,Credit Card,114.51
493,825,Pix,348.34
494,1959,Pix,92.64
495,515,Credit Card,691.41
496,631,Credit Card,369.84
497,1673,Credit Card,514.72
498,1116,Boleto,997.83
499,186,Debit Card,609.53
500,378,Credit Card,393.63
501,313,Pix,413.23
502,780,Debit Card,426.14
503,333,Pix,524.96
504,1436,Credit Card,226.42
505,1955,Boleto,794.65
506,884,Boleto,40.59
507,177,Credit Card,529.5
508,1958,Boleto,770.99
509,115,Boleto,620.55
510,196,Pix,448.32
511,1021,Pix,853.53
512,241,Boleto,951.65
513,618,Boleto,962.56
514,124,Pix,915.93
515,734,Boleto,377.6
516,456,Pix,496.53
517,803,Credit Card,720.92
518,1541,Boleto,143.41
519,1795,Debit Card,444.92
520,754,Credit Card,785.7
521,405,Boleto,845.41
522,919,Credit Card,169.7
523,1371,Boleto,180.7
524,1588,Boleto,353.15
525,1489,Pix,156.15
526,1338,Credit Card,37.31
527,1316,Pix,426.84
528,533,Debit Card,383.32
529,577,Debit Card,208.31
530,1001,Pix,122.63
531,745,Pix,743.19
532,1498,Pix,134.39
533,1562,Debit Card,503.29
534,1296,Credit Card,276.2
535,258,Debit Card,361.11
536,944,Boleto,725.46
537,334,Debit Card,953.38
538,1758,Boleto,372.23
539,476,Boleto,741.14
540,1218,Debit Card,618.43
541,624,Debit Card,702.68
542,1693,Credit Card,241.24
543,1428,Credit Card,973.81
544,1879,Credit Card,339.33
545,548,Debit Card,960.31
546,1075,Boleto,690.75
547,1033,Boleto,304.76
548,1924,Pix,733.08
549,144,Pix,31.02
550,1311,Boleto,698.57
551,994,Credit Card,587.1
552,1631,Boleto,536.01
553,222,Boleto,320.69
554,1333,Boleto,572.02
555,1692,Boleto,816.71
556,310,Debit Card,121.63
557,410,Debit Card,158.0
558,1570,Boleto,586.1
559,932,Credit Card,804.15
560,70,Debit Card,928.07
561,1232,Debit Card,299.88
562,1336,Credit Card,728.19
563,1142,Boleto,651.65
564,1258,Pix,750.19
565,791,Pix,777.66
566,1937,Pix,242.66
567,168,Boleto,64.74
568,154,Credit Card,975.28
569,1706,Boleto,157.46
570,966,Pix,853.29
571,870,Credit Card,57.96
572,896,Debit Card,430.74
573,1001,Credit Card,304.17
574,987,Credit Card,102.03
575,1973,Boleto,998.79
576,1937,Pix,786.3
577,256,Boleto,686.2
578,993,Debit Card,45.45
579,1900,Debit Card,410.52
580,396,Boleto,309.95
581,1348,Pix,781.64
582,265,Boleto,430.22
583,646,Debit Card,551.72
584,237,Credit Card,903.67
585,209,Credit Card,949.7
586,1526,Debit Card,674.94
587,489,Debit Card,131.78
588,1064,Pix,635.4
589,107,Credit Card,803.54
590,312,Boleto,334.47
591,206,Debit Card,159.52
592,650,Boleto,218.28
593,1536,Credit Card,482.86
594,1168,Debit Card,929.9
595,1052,Boleto,116.81
596,784,Pix,876.65
597,158,Debit Card,748.15
598,1339,Debit Card,89.01
599,587,Credit Card,327.0
600,759,Boleto,273.02
601,1158,Pix,841.8
602,1466,Pix,619.26
603,1824,Credit Card,793.12
604,508,Debit Card,488.03
605,510,Credit Card,69.81
606,1550,Credit Card,437.77
607,743,Boleto,917.95
608,869,Credit Card,371.97
609,56,Boleto,571.89
610,1078,Boleto,565.63
611,1683,Pix,729.52
612,322,Debit Card,22.64
613,1551,Credit Card,282.35
614,486,Boleto,793.08
615,1271,Boleto,65.71
616,1896,Pix,809.57
617,932,Credit Card,701.91
618,1820,Credit Card,632.92
619,622,Debit Card,477.51
620,1853,Boleto,383.08
621,1065,Boleto,959.24
622,186,Credit Card,876.87
623,91,Debit Card,524.14
624,1428,Credit Card,674.07
625,562,Credit Card,309.29
626,334,Pix,492.16
627,500,Credit Card,898.18
628,771,Debit Card,389.03
629,1348,Credit Card,522.08
630,911,Boleto,218.35
631,3,Pix,179.34
632,1227,Credit Card,549.01
633,1152,Debit Card,89.1
634,1339,Debit Card,727.81
635,179,Boleto,73.81
636,348,Boleto,925.47
637,1,Debit Card,679.27
638,1560,Pix,470.97
639,340,Credit Card,907.82
640,1588,Credit Card,776.64
641,1412,Credit Card,151.35
642,257,Boleto,349.98
643,1661,Credit Card,186.98
644,792,Pix,237.18
645,634,Boleto,645.84
646,1476,Boleto,655.28
647,1491,Pix,818.15
648,1635,Pix,808.2
649,718,Boleto,277.48
650,1811,Boleto,529.38
651,207,Boleto,795.93
652,364,Boleto,474.53
653,863,Pix,774.55
654,156,Debit Card,759.47
655,399,Debit Card,143.59
656,891,Boleto,101.47
657,1536,Pix,784.56
658,688,Debit Card,104.89
659,1113,Boleto,960.99
660,649,Boleto,237.94
661,630,Credit Card,252.91
662,439,Pix,352.22
663,1632,Pix,412.69
664,1578,Credit Card,328.7
665,1687,Debit Card,298.06
666,1739,Debit Card,163.69
667,892,Boleto,856.3
668,666,Pix,432.46
669,733,Pix,372.38
670,1944,Pix,433.76
671,215,Boleto,665.92
672,1285,Pix,867.51
673,1956,Debit Card,929.92
674,1998,Pix,399.35
675,237,Debit Card,783.87
676,772,Pix,886.77
677,1988,Pix,79.4
678,804,Pix,644.73
679,1616,Pix,720.72
680,1743,Debit Card,891.49
681,1454,Pix,501.12
682,994,Debit Card,295.61
683,1064,Pix,814.97
684,985,Credit Card,859.84
685,1996,Boleto,620.39
686,190,Boleto,675.14
687,1943,Debit Card,967.76
688,1839,Credit Card,36.4
689,291,Debit Card,610.21
690,1438,Pix,641.48
691,1104,Debit Card,73.78
692,448,Credit Card,67.17
693,1851,Debit Card,675.64
694,322,Credit Card,546.45
695,1105,Pix,567.14
696,1599,Boleto,84.32
697,1964,Pix,298.05
698,1931,Boleto,496.0
699,582,Credit Card,291.78
700,1967,Boleto,239.15
701,312,Pix,43.27
702,106,Boleto,677.68
703,519,Debit Card,382.92
704,1085,Boleto,288.75
705,963,Credit Card,349.2
706,195,Debit Card,478.93
707,1473,Debit Card,404.92
708,1826,Credit Card,110.44
709,559,Credit Card,924.38
710,84,Boleto,136.67
711,1614,Credit Card,965.25
712,1511,Pix,995.79
713,1860,Pix,470.17
714,193,Debit Card,482.02
715,960,Debit Card,87.63
716,1787,Credit Card,266.24
717,1781,Pix,864.66
718,1716,Credit Card,851.65
719,632,Credit Card,138.23
720,849,Pix,365.81
721,674,Credit Card,451.97
722,408,Boleto,764.11
723,1361,Pix,637.4
724,977,Debit Card,177.15
725,869,Credit Card,921.68
726,249,Pix,675.96
727,359,Credit Card,86.07
728,1612,Pix,341.4
729,154,Credit Card,884.69
730,439,Debit Card,92.26
731,1640,Debit Card,541.15
732,1055,Boleto,196.74
733,356,Pix,944.54
734,1139,Boleto,429.18
735,1762,Boleto,686.03
736,133,Debit Card,190.83
737,1704,Boleto,254.41
738,550,Pix,26.45
739,1803,Debit Card,348.86
740,1886,Debit Card,401.33
741,865,Pix,262.07
742,503,Debit Card,236.56
743,1090,Boleto,994.5
744,692,Debit Card,107.18
745,417,Credit Card,883.94
746,1718,Debit Card,26.35
747,1438,Boleto,441.92
748,1180,Boleto,827.29
749,1497,Pix,541.74
750,1083,Pix,344.02
751,752,Pix,174.46
752,1945,Pix,75.07
753,1053,Credit Card,426.62
754,703,Debit Card,709.0
755,686,Debit Card,979.16
756,1253,Pix,356.93
757,1390,Debit Card,892.73
758,1907,Credit Card,727.04
759,1648,Credit Card,958.16
760,1027,Pix,707.2
761,796,Boleto,379.26
762,910,Debit Card,428.43
763,1870,Credit Card,574.88
764,627,Credit Card,664.9
765,1518,Debit Card,151.1
766,307,Boleto,249.69
767,1179,Credit Card,126.09
768,1457,Boleto,94.45
769,754,Boleto,967.84
770,69,Debit Card,814.25
771,315,Boleto,867.06
772,489,Debit Card,737.06
773,332,Credit Card,720.39
774,1647,Boleto,604.5
775,807,Debit Card,820.64
776,191,Credit Card,243.11
777,909,Pix,567.9
778,258,Pix,956.08
779,716,Credit Card,473.04
780,1799,Debit Card,338.84
781,262,Debit Card,913.2
782,1157,Pix,731.04
783,1206,Pix,291.23
784,1789,Credit Card,503.92
785,1159,Credit Card,631.1
786,1511,Credit Card,655.47
787,1335,Credit Card,135.21
788,238,Pix,927.54
789,1869,Boleto,406.99
790,1632,Boleto,750.52
791,1197,Debit Card,412.4
792,466,Debit Card,95.48
793,1768,Debit Card,48.32
794,472,Pix,949.17
795,846,Pix,430.26
796,1024,Debit Card,481.03
797,369,Pix,939.66
798,720,Boleto,953.14
799,1604,Debit Card,655.21
800,1202,Credit Card,92.38
801,113,Credit Card,251.99
802,487,Pix,445.46
803,298,Credit Card,629.78
804,1959,Credit Card,772.08
805,1631,Debit Card,86.55
806,1907,Boleto,716.17
807,471,Debit Card,96.48
808,1587,Credit Card,333.69
809,1891,Credit Card,572.0
810,162,Credit Card,979.95
811,590,Credit Card,45.76
812,914,Credit Card,845.77
813,749,Credit Card,213.05
814,1508,Boleto,157.5
815,1879,Debit Card,188.19
816,329,Debit Card,923.05
817,1268,Debit Card,887.85
818,1066,Credit Card,179.3
819,1727,Pix,796.65
820,1165,Debit Card,116.2
821,960,Boleto,352.9
822,1633,Credit Card,391.48
823,211,Pix,615.0
824,938,Debit Card,981.32
825,1387,Credit Card,332.28
826,1320,Pix,75.36
827,1849,Boleto,115.66
828,819,Credit Card,338.12
829,30,Credit Card,410.7
830,1172,Pix,887.08
831,1212,Pix,263.25
832,520,Credit Card,968.53
833,1148,Pix,190.18
834,717,Pix,951.42
835,99,Pix,609.45
836,904,Boleto,316.09
837,594,Boleto,347.6
838,1156,Pix,691.9
839,675,Debit Card,446.84
840,896,Pix,829.91
841,506,Pix,50.23
842,465,Pix,989.59
843,911,Debit Card,551.8
844,1133,Boleto,385.52
845,830,Boleto,379.41
846,1577,Boleto,466.5
847,1042,Boleto,64.66
848,1464,Debit Card,811.79
849,565,Debit Card,94.21
850,1052,Pix,741.97
851,1768,Boleto,952.67
852,546,Boleto,429.71
853,98,Boleto,532.78
854,1073,Credit Card,944.25
855,1699,Credit Card,623.17
856,1121,Pix,570.69
857,1206,Boleto,355.95
858,1073,Credit Card,305.19
859,1287,Debit Card,560.38
860,1987,Debit Card,220.05
861,1479,Credit Card,955.23
862,1052,Boleto,891.49
863,1681,Credit Card,743.57
864,966,Pix,911.5
865,345,Boleto,545.71
866,1668,Boleto,280.77
867,394,Boleto,362.3
868,1330,Credit Card,435.32
869,1279,Credit Card,197.63
870,1918,Boleto,579.42
871,21,Pix,88.59
872,877,Boleto,665.77
873,1249,Credit Card,835.67
874,1611,Pix,258.43
875,1115,Boleto,336.67
876,292,Boleto,694.21
877,481,Boleto,37.54
878,1061,Debit Card,711.23
879,334,Boleto,542.32
880,176,Debit Card,880.9
881,590,Boleto,293.52
882,643,Credit Card,411.48
883,708,Credit Card,446.83
884,944,Boleto,795.75
885,342,Debit Card,877.64
886,1669,Credit Card,196.93
887,1418,Credit Card,357.75
888,341,Debit Card,791.48
889,995,Debit Card,47.35
890,836,Credit Card,279.93
891,1629,Pix,201.47
892,174,Boleto,196.16
893,1547,Credit Card,977.58
894,1171,Pix,249.26
895,139,Debit Card,54.35
896,901,Boleto,72.04
897,363,Pix,42.07
898,988,Pix,373.53
899,1175,Pix,154.68
900,403,Pix,743.46
901,977,Boleto,686.01
902,1158,Pix,249.0
903,734,Pix,627.99
904,764,Credit Card,75.58
905,364,Credit Card,540.76
906,687,Credit Card,917.72
907,789,Boleto,409.29
908,1820,Pix,224.97
909,347,Pix,824.62
910,1613,Credit Card,26.05
911,226,Debit Card,550.93
912,219,Boleto,291.67
913,1413,Pix,927.05
914,1250,Debit Card,402.06
915,1445,Boleto,59.63
916,1479,Pix,378.96
917,666,Boleto,758.05
918,1819,Pix,230.94
919,938,Debit Card,818.85
920,1636,Boleto,398.02
921,260,Boleto,277.62
922,1196,Credit Card,433.36
923,1374,Debit Card,819.3
924,908,Pix,294.93
925,66,Credit Card,867.23
926,516,Credit Card,760.1
927,954,Boleto,241.12
928,1403,Debit Card,268.46
929,443,Credit Card,611.74
930,1185,Pix,711.33
931,203,Pix,928.66
932,1560,Boleto,949.03
933,1554,Boleto,603.13
934,654,Boleto,576.4
935,1756,Credit Card,357.29
936,980,Credit Card,305.31
937,1709,Credit Card,735.02
938,747,Debit Card,874.78
939,222,Boleto,615.31
940,1993,Debit Card,892.22
941,766,Debit Card,506.05
942,590,Boleto,397.51
943,1968,Debit Card,79.49
944,604,Pix,524.0
945,330,Boleto,495.75
946,1792,Debit Card,881.34
947,1689,Credit Card,471.32
948,269,Pix,383.4
949,1390,Debit Card,980.53
950,901,Boleto,812.47
951,1174,Debit Card,71.16
952,414,Debit Card,213.52
953,557,Debit Card,570.99
954,176,Boleto,834.96
955,1424,Debit Card,511.96
956,158,Credit Card,408.57
957,905,Credit Card,153.82
958,1615,Debit Card,824.97
959,598,Pix,934.19
960,159,Credit Card,481.37
961,871,Pix,677.23
962,390,Debit Card,186.75
963,417,Debit Card,963.65
964,145,Pix,905.98
965,1178,Debit Card,919.56
966,851,Debit Card,805.88
967,1019,Boleto,379.62
968,1861,Boleto,142.14
969,761,Credit Card,819.54
970,191,Credit Card,493.5
971,1310,Credit Card,512.56
972,652,Pix,772.56
973,770,Debit Card,562.74
974,1365,Debit Card,187.55
975,654,Credit Card,349.18
976,124,Boleto,996.68
977,294,Credit Card,195.39
978,282,Boleto,413.05
979,1289,Credit Card,292.77
980,1752,Boleto,351.2
981,985,Pix,27.8
982,630,Pix,931.7
983,1679,Debit Card,799.25
984,461,Debit Card,904.62
985,694,Boleto,810.43
986,74,Credit Card,350.85
987,1781,Debit Card,571.33
988,633,Debit Card,275.51
989,1541,Credit Card,478.66
990,508,Credit Card,159.79
991,992,Boleto,571.69
992,975,Boleto,277.34
993,22,Credit Card,226.78
994,1473,Debit Card,333.88
995,1644,Credit Card,321.65
996,1554,Credit Card,86.37
997,790,Debit Card,503.46
998,7,Credit Card,529.9
999,816,Debit Card,768.67
1000,61,Boleto,61.14
1001,1162,Pix,318.13
1002,661,Debit Card,141.56
1003,136,Boleto,761.04
1004,399,Debit Card,583.59
1005,533,Boleto,345.7
1006,1493,Boleto,916.19
1007,543,Boleto,350.0
1008,1948,Boleto,971.78
1009,65,Debit Card,372.38
1010,635,Boleto,439.32
1011,533,Credit Card,397.62
1012,1640,Boleto,196.6
1013,1791,Debit Card,869.96
1014,1176,Boleto,694.11
1015,1474,Credit Card,140.92
1016,1830,Debit Card,335.44
1017,410,Debit Card,619.5
1018,87,Boleto,930.04
1019,864,Debit Card,525.44
1020,85,Credit Card,271.53
1021,606,Credit Card,440.84
1022,1815,Pix,145.8
1023,413,Boleto,474.29
1024,1185,Boleto,986.84
1025,1227,Boleto,426.18
1026,1683,Debit Card,814.45
1027,442,Debit Card,177.99
1028,1569,Pix,578.38
1029,235,Pix,302.39
1030,561,Credit Card,29.93
1031,1146,Boleto,477.73
1032,1820,Pix,991.47
1033,1729,Credit Card,673.47
1034,1507,Debit Card,370.8
1035,886,Debit Card,555.7
1036,1859,Debit Card,447.64
1037,1592,Debit Card,856.44
1038,710,Credit Card,473.42
1039,580,Credit Card,143.09
1040,600,Debit Card,474.69
1041,1800,Pix,124.24
1042,1676,Boleto,779.04
1043,149,Pix,867.07
1044,1494,Credit Card,778.59
1045,1968,Credit Card,33.15
1046,1759,Debit Card,371.79
1047,1900,Pix,314.1
1048,1122,Credit Card,811.67
1049,823,Credit Card,912.01
1050,1770,Pix,272.15
1051,319,Boleto,444.01
1052,439,Boleto,324.41
1053,1651,Pix,609.5
1054,1059,Credit Card,283.27
1055,1699,Credit Card,970.59
1056,392,Debit Card,589.97
1057,835,Boleto,366.67
1058,748,Pix,255.25
1059,883,Debit Card,966.92
1060,1816,Debit Card,651.1
1061,681,Boleto,797.67
1062,602,Boleto,385.58
1063,260,Debit Card,167.02
1064,1167,Credit Card,514.36
1065,1724,Pix,297.64
1066,1983,Debit Card,883.26
1067,54,Pix,972.58
1068,1962,Credit Card,193.7
1069,99,Credit Card,507.89
1070,1910,Boleto,454.59
1071,634,Pix,999.62
1072,247,Boleto,347.72
1073,897,Boleto,110.29
1074,1782,Pix,921.77
1075,778,Credit Card,546.72
1076,97,Pix,486.96
1077,1989,Boleto,316.21
1078,595,Boleto,514.95
1079,837,Debit Card,491.14
1080,737,Boleto,608.31
1081,1509,Boleto,23.94
1082,1381,Boleto,568.88
1083,1928,Debit Card,612.4
1084,848,Debit Card,173.75
1085,799,Credit Card,594.72
1086,46,Boleto,579.25
1087,64,Boleto,66.82
1088,1194,Pix,986.75
1089,1433,Credit Card,23.75
1090,954,Debit Card,359.32
1091,377,Pix,978.65
1092,359,Debit Card,631.99
1093,898,Credit Card,491.1
1094,1178,Pix,46.19
1095,1596,Debit Card,37.18
1096,1485,Debit Card,72.94
1097,929,Pix,682.42
1098,293,Debit Card,435.87
1099,464,Boleto,974.59
1100,1425,Debit Card,852.11
1101,1288,Pix,178.54
1102,27,Debit Card,700.28
1103,1722,Debit Card,470.68
1104,1769,Credit Card,633.8
1105,1396,Debit Card,298.04
1106,872,Debit Card,252.12
1107,1297,Debit Card,956.8
1108,930,Credit Card,107.98
1109,1147,Boleto,103.07
1110,1170,Pix,21.89
1111,1340,Boleto,481.81
1112,444,Pix,811.8
1113,164,Boleto,806.34
1114,1577,Boleto,812.68
1115,532,Boleto,411.25
1116,1044,Pix,455.24
1117,678,Credit Card,274.35
1118,1342,Boleto,583.73
1119,598,Credit Card,552.1
1120,1262,Debit Card,267.54
1121,330,Debit Card,205.17
1122,382,Credit Card,690.52
1123,546,Credit Card,316.29
1124,641,Debit Card,695.09
1125,351,Pix,290.8
1126,680,Credit Card,677.26
1127,287,Pix,308.44
1128,1941,Debit Card,444.37
1129,1768,Debit Card,888.62
1130,62,Pix,314.08
1131,121,Credit Card,770.14
1132,1998,Pix,427.44
1133,1961,Debit Card,415.16
1134,1677,Pix,207.52
1135,1228,Debit Card,907.75
1136,1564,Pix,333.67
1137,163,Debit Card,780.58
1138,877,Credit Card,813.49
1139,1290,Pix,686.69
1140,1075,Pix,186.12
1141,39,Credit Card,79.17
1142,1554,Debit Card,649.06
1143,1220,Boleto,531.7
1144,77,Pix,769.66
1145,1551,Pix,185.02
1146,1571,Credit Card,142.48
1147,1380,Credit Card,681.47
1148,997,Pix,797.98
1149,411,Debit Card,925.79
1150,1979,Credit Card,528.98
1151,655,Credit Card,150.13
1152,252,Pix,937.88
1153,1186,Boleto,983.59
1154,808,Boleto,686.34
1155,1478,Debit Card,819.16
1156,771,Pix,772.18
1157,286,Debit Card,925.84
1158,1072,Boleto,629.06
1159,1477,Pix,925.69
1160,1885,Pix,817.85
1161,1202,Pix,729.65
1162,630,Debit Card,708.94
1163,597,Credit Card,666.48
1164,686,Pix,938.84
1165,1569,Boleto,39.85
1166,1204,Debit Card,489.3
1167,1412,Credit Card,432.61
1168,1831,Boleto,903.46
1169,1996,Credit Card,922.48
1170,1628,Credit Card,875.97
1171,1719,Debit Card,747.0
1172,652,Debit Card,505.59
1173,1761,Debit Card,922.78
1174,279,Credit Card,329.55
1175,1177,Pix,23.98
1176,168,Pix,555.95
1177,1754,Boleto,343.26
1178,135,Credit Card,41.33
1179,651,Credit Card,261.4
1180,1357,Boleto,486.95
1181,1283,Credit Card,569.52
1182,911,Debit Card,885.41
1183,439,Debit Card,440.16
1184,1933,Boleto,136.75
1185,1864,Credit Card,833.45
1186,416,Boleto,918.94
1187,1518,Pix,876.47
1188,810,Debit Card,691.28
1189,1537,Boleto,518.22
1190,786,Credit Card,586.64
1191,642,Credit Card,375.48
1192,1963,Credit Card,905.16
1193,1930,Boleto,211.17
1194,786,Boleto,831.39
1195,1235,Debit Card,826.35
1196,1016,Credit Card,914.14
1197,1884,Credit Card,417.29
1198,1661,Pix,765.74
1199,515,Pix,56.62
1200,1593,Credit Card,562.6
1201,100,Debit Card,844.91
1202,1413,Credit Card,41.16
1203,1585,Credit Card,686.21
1204,14,Credit Card,985.84
1205,1814,Debit Card,345.34
1206,741,Debit Card,817.3
1207,264,Credit Card,918.99
1208,299,Credit Card,909.02
1209,1714,Credit Card,631.98
1210,1535,Boleto,161.68
1211,1239,Credit Card,972.58
1212,374,Credit Card,817.26
1213,369,Debit Card,58.7
1214,315,Credit Card,630.19
1215,1841,Pix,495.12
1216,132,Debit Card,195.93
1217,1121,Pix,847.11
1218,1541,Pix,974.59
1219,1406,Boleto,418.86
1220,1929,Boleto,240.72
1221,1013,Boleto,950.62
1222,1903,Pix,420.29
1223,1707,Pix,429.03
1224,1700,Boleto,427.95
1225,560,Credit Card,125.46
1226,429,Pix,449.15
1227,838,Pix,217.25
1228,1445,Pix,429.76
1229,1362,Boleto,525.23
1230,1230,Boleto,440.17
1231,1521,Boleto,501.23
1232,1366,Credit Card,78.83
1233,355,Boleto,716.72
1234,141,Credit Card,599.73
1235,167,Boleto,33.9
1236,557,Debit Card,163.15
1237,173,Credit Card,822.66
1238,29,Credit Card,867.71
1239,1445,Pix,890.59
1240,374,Credit Card,939.37
1241,134,Debit Card,320.33
1242,1563,Boleto,159.68
1243,918,Debit Card,333.49
1244,230,Credit Card,884.86
1245,1048,Debit Card,792.52
1246,1525,Credit Card,511.82
1247,1318,Credit Card,335.78
1248,568,Debit Card,36.2
1249,1872,Credit Card,644.76
1250,1216,Debit Card,738.64
1251,1477,Credit Card,59.89
1252,1025,Debit Card,445.66
1253,833,Pix,547.91
1254,1873,Pix,739.51
1255,1157,Boleto,912.89
1256,345,Pix,789.69
1257,1731,Credit Card,364.47
1258,663,Pix,612.3
1259,436,Pix,613.55
1260,535,Credit Card,737.88
1261,1119,Debit Card,169.7
1262,1179,Debit Card,683.83
1263,1580,Debit Card,68.96
1264,596,Pix,100.31
1265,1679,Credit Card,749.76
1266,1657,Credit Card,648.99
1267,1671,Debit Card,640.73
1268,840,Boleto,211.14
1269,1014,Boleto,716.53
1270,996,Boleto,832.96
1271,293,Pix,716.76
1272,1929,Debit Card,671.97
1273,877,Debit Card,826.87
1274,625,Boleto,896.65
1275,835,Pix,62.06
1276,1995,Boleto,548.38
1277,1651,Credit Card,586.69
1278,204,Boleto,193.06
1279,659,Debit Card,93.42
1280,1627,Debit Card,375.97
1281,423,Credit Card,705.51
1282,1084,Debit Card,857.13
1283,677,Debit Card,30.62
1284,631,Pix,918.56
1285,1595,Pix,907.02
1286,1473,Boleto,215.74
1287,211,Credit Card,135.13
1288,1360,Credit Card,223.44
1289,1378,Pix,142.53
1290,1328,Debit Card,422.8
1291,296,Pix,224.74
1292,385,Credit Card,190.83
1293,1559,Pix,556.14
1294,808,Debit Card,501.31
1295,1620,Debit Card,82.61
1296,582,Debit Card,131.54
1297,537,Pix,643.76
1298,1181,Debit Card,976.7
1299,1285,Boleto,276.42
1300,1697,Debit Card,745.65
1301,1802,Pix,149.58
1302,413,Boleto,715.95
1303,754,Pix,106.18
1304,680,Boleto,333.57
1305,176,Pix,556.05
1306,1338,Debit Card,598.06
1307,1606,Debit Card,408.39
1308,668,Debit Card,297.57
1309,252,Pix,710.26
1310,583,Boleto,985.36
1311,1167,Credit Card,340.25
1312,1141,Boleto,645.54
1313,1205,Debit Card,676.15
1314,1451,Debit Card,157.36
1315,357,Boleto,208.71
1316,626,Debit Card,118.32
1317,1342,Credit Card,489.98
1318,278,Pix,329.94
1319,827,Boleto,887.0
1320,389,Credit Card,289.59
1321,509,Debit Card,729.05
1322,255,Debit Card,677.0
1323,1998,Boleto,695.72
1324,938,Credit Card,486.41
1325,452,Pix,623.22
1326,1105,Debit Card,508.65
1327,1301,Boleto,182.24
1328,1979,Debit Card,76.71
1329,1070,Debit Card,818.88
1330,453,Credit Card,280.36
1331,146,Credit Card,74.7
1332,483,Boleto,267.64
1333,473,Pix,658.27
1334,1004,Debit Card,731.71
1335,1866,Credit Card,166.73
1336,1189,Credit Card,980.4
1337,483,Pix,136.48
1338,440,Pix,318.65
1339,1510,Credit Card,862.96
1340,1654,Credit Card,363.5
1341,78,Boleto,661.77
1342,1010,Credit Card,252.42
1343,1963,Pix,248.67
1344,702,Boleto,677.18
1345,1801,Debit Card,987.6
1346,1867,Boleto,463.95
1347,207,Debit Card,84.51
1348,1694,Debit Card,714.6
1349,631,Pix,922.81
1350,382,Credit Card,848.42
1351,1400,Pix,391.74
1352,83,Credit Card,116.65
1353,923,Debit Card,803.86
1354,567,Boleto,92.38
1355,296,Debit Card,371.0
1356,1337,Debit Card,295.94
1357,331,Credit Card,168.66
1358,1501,Pix,35.46
1359,683,Debit Card,939.16
1360,955,Pix,973.67
1361,340,Pix,579.46
1362,1758,Boleto,178.21
1363,143,Credit Card,308.6
1364,1852,Pix,148.5
1365,1973,Credit Card,289.15
1366,218,Pix,715.46
1367,1352,Boleto,598.0
1368,623,Boleto,697.54
1369,306,Pix,242.37
1370,380,Debit Card,668.12
1371,785,Credit Card,387.9
1372,520,Credit Card,319.99
1373,328,Credit Card,856.26
1374,897,Pix,527.42
1375,1714,Credit Card,787.79
1376,650,Pix,333.95
1377,1874,Pix,137.1
1378,1776,Boleto,384.32
1379,1309,Boleto,277.05
1380,359,Credit Card,995.54
1381,316,Boleto,118.41
1382,945,Boleto,897.99
1383,1294,Debit Card,947.2
1384,1573,Debit Card,849.3
1385,698,Pix,67.32
1386,161,Pix,166.79
1387,267,Pix,173.85
1388,938,Boleto,229.44
1389,1746,Credit Card,522.73
1390,987,Debit Card,987.76
1391,2000,Debit Card,124.84
1392,1513,Pix,885.32
1393,1702,Boleto,49.09
1394,1796,Boleto,73.92
1395,1148,Pix,95.68
1396,1656,Boleto,572.08
1397,1737,Debit Card,163.19
1398,461,Debit Card,387.24
1399,171,Pix,895.45
1400,1818,Debit Card,437.57
1401,1836,Pix,617.36
1402,1914,Credit Card,643.45
1403,1176,Credit Card,493.58
1404,860,Debit Card,183.36
1405,559,Credit Card,429.73
1406,1040,Pix,413.67
1407,1156,Debit Card,882.46
1408,1057,Credit Card,376.68
1409,1216,Pix,387.09
1410,1653,Debit Card,971.85
1411,1362,Pix,150.3
1412,311,Credit Card,414.99
1413,1462,Pix,103.8
1414,1458,Debit Card,39.54
1415,1692,Debit Card,303.75
1416,1502,Debit Card,765.2
1417,1735,Boleto,108.64
1418,347,Pix,81.96
1419,20,Boleto,618.8
1420,1875,Debit Card,555.01
1421,1345,Credit Card,629.08
1422,966,Pix,626.23
1423,975,Credit Card,474.05
1424,958,Boleto,375.78
1425,46,Pix,95.12
1426,1025,Debit Card,185.92
1427,1121,Debit Card,810.13
1428,190,Debit Card,376.26
1429,245,Boleto,550.91
1430,638,Debit Card,51.51
1431,205,Pix,220.39
1432,607,Debit Card,113.16
1433,1566,Boleto,340.02
1434,1839,Pix,407.66
1435,607,Credit Card,27.13
1436,424,Credit Card,699.75
1437,916,Boleto,692.35
1438,1520,Boleto,123.83
1439,63,Credit Card,890.59
1440,1381,Debit Card,684.24
1441,578,Debit Card,29.23
1442,1400,Boleto,460.86
1443,944,Debit Card,573.97
1444,1454,Debit Card,930.99
1445,421,Boleto,875.59
1446,1111,Pix,784.2
1447,1615,Boleto,149.22
1448,1726,Credit Card,337.69
1449,1584,Credit Card,44.99
1450,1389,Debit Card,971.51
1451,1279,Debit Card,259.55
1452,1686,Credit Card,526.74
1453,31,Debit Card,594.09
1454,1914,Pix,455.89
1455,1958,Pix,650.35
1456,1713,Credit Card,868.04
1457,141,Boleto,76.87
1458,622,Pix,39.78
1459,1177,Boleto,491.65
1460,523,Pix,962.88
1461,1871,Pix,345.51
1462,1421,Credit Card,875.06
1463,695,Pix,762.43
1464,1248,Credit Card,400.97
1465,709,Pix,913.44
1466,286,Boleto,686.86
1467,1180,Pix,716.71
1468,1457,Debit Card,252.12
1469,1794,Debit Card,517.44
1470,938,Pix,60.34
1471,610,Boleto,582.46
1472,1038,Credit Card,119.34
1473,1268,Pix,51.66
1474,1658,Debit Card,168.64
1475,1408,Credit Card,51.63
1476,1823,Pix,631.39
1477,741,Pix,129.42
1478,1469,Boleto,816.07
1479,1291,Boleto,286.57
1480,420,Pix,589.01
1481,477,Debit Card,293.97
1482,964,Debit Card,459.65
1483,161,Pix,760.88
1484,1658,Credit Card,778.95
1485,1766,Pix,580.37
1486,1630,Debit Card,698.48
1487,552,Debit Card,757.07
1488,620,Debit Card,73.35
1489,1926,Pix,652.79
1490,184,Boleto,542.41
1491,172,Debit Card,170.57
1492,867,Debit Card,937.85
1493,1195,Debit Card,264.34
1494,1789,Boleto,141.4
1495,771,Pix,560.97
1496,376,Pix,700.94
1497,1788,Pix,46.67
1498,254,Pix,764.68
1499,784,Pix,769.04
1500,840,Boleto,170.78
1501,505,Credit Card,214.18
1502,1050,Debit Card,342.11
1503,1791,Boleto,651.89
1504,42,Pix,423.04
1505,750,Credit Card,309.36
1506,528,Pix,956.92
1507,1008,Credit Card,585.58
1508,310,Pix,593.99
1509,1172,Pix,727.38
1510,1917,Pix,991.24
1511,1702,Credit Card,555.92
1512,747,Debit Card,867.55
1513,1262,Credit Card,964.5
1514,354,Credit Card,930.09
1515,302,Pix,325.05
1516,534,Boleto,568.15
1517,132,Pix,363.29
1518,22,Pix,627.8
1519,1569,Pix,235.58
1520,1913,Credit Card,358.16
1521,1256,Boleto,759.33
1522,1401,Pix,742.8
1523,426,Debit Card,177.14
1524,1416,Pix,900.08
1525,1723,Debit Card,184.86
1526,635,Boleto,237.78
1527,969,Debit Card,902.66
1528,135,Debit Card,457.24
1529,886,Debit Card,757.67
1530,1845,Credit Card,754.35
1531,1326,Boleto,201.8
1532,681,Pix,580.64
1533,1429,Pix,349.02
1534,144,Debit Card,852.03
1535,448,Boleto,374.63
1536,771,Credit Card,231.79
1537,677,Boleto,316.66
1538,244,Pix,788.14
1539,1156,Credit Card,341.69
1540,1184,Pix,962.71
1541,990,Boleto,641.37
1542,1391,Boleto,940.8
1543,657,Credit Card,226.61
1544,732,Debit Card,104.78
1545,493,Boleto,289.58
1546,1177,Debit Card,374.35
1547,852,Boleto,229.64
1548,1487,Pix,647.43
1549,1892,Pix,439.12
1550,1115,Credit Card,753.96
1551,159,Debit Card,691.23
1552,431,Debit Card,346.98
1553,1924,Boleto,806.36
1554,1309,Credit Card,378.24
1555,28,Boleto,948.79
1556,842,Credit Card,374.99
1557,894,Boleto,816.12
1558,8,Debit Card,695.24
1559,1639,Boleto,94.82
1560,252,Boleto,719.31
1561,1405,Pix,820.68
1562,1712,Credit Card,920.35
1563,620,Debit Card,57.1
1564,1167,Pix,886.99
1565,1371,Pix,734.03
1566,1723,Debit Card,998.28
1567,1616,Debit Card,226.46
1568,1918,Credit Card,775.06
1569,112,Debit Card,607.62
1570,1988,Boleto,423.88
1571,907,Debit Card,70.29
1572,1431,Debit Card,743.55
1573,1972,Credit Card,433.11
1574,53,Pix,35.51
1575,118,Boleto,980.38
1576,80,Credit Card,82.86
1577,804,Pix,282.11
1578,117,Debit Card,32.52
1579,1919,Boleto,267.78
1580,1467,Debit Card,743.39
1581,585,Boleto,316.59
1582,1364,Pix,839.68
1583,681,Pix,356.21
1584,1815,Credit Card,349.76
1585,433,Boleto,610.42
1586,303,Boleto,91.41
1587,1712,Boleto,908.13
1588,1918,Boleto,622.05
1589,1088,Debit Card,206.23
1590,570,Debit Card,169.53
1591,394,Boleto,923.71
1592,394,Debit Card,144.82
1593,870,Pix,373.25
1594,391,Credit Card,643.16
1595,1374,Credit Card,542.92
1596,1800,Pix,107.9
1597,1448,Boleto,169.83
1598,185,Boleto,455.19
1599,390,Debit Card,860.36
1600,686,Pix,898.31
1601,664,Boleto,645.4
1602,1965,Pix,441.86
1603,1448,Debit Card,636.31
1604,1333,Debit Card,637.3
1605,1955,Pix,285.67
1606,635,Boleto,560.93
1607,611,Boleto,431.25
1608,1306,Boleto,535.66
1609,745,Debit Card,122.88
1610,645,Debit Card,639.52
1611,977,Boleto,76.91
1612,796,Pix,646.29
1613,636,Credit Card,495.84
1614,747,Credit Card,176.49
1615,1868,Boleto,936.74
1616,78,Credit Card,385.47
1617,1811,Debit Card,964.25
1618,457,Boleto,428.73
1619,1986,Debit Card,870.03
1620,1991,Pix,836.06
1621,1901,Pix,949.14
1622,443,Credit Card,92.57
1623,841,Credit Card,952.28
1624,838,Pix,797.85
1625,971,Debit Card,541.39
1626,854,Pix,915.28
1627,1683,Pix,841.34
1628,378,Debit Card,688.02
1629,994,Pix,195.22
1630,559,Pix,956.36
1631,1501,Debit Card,855.34
1632,249,Credit Card,877.92
1633,550,Boleto,486.54
1634,1238,Debit Card,447.49
1635,944,Boleto,258.24
1636,1782,Credit Card,508.36
1637,335,Boleto,580.42
1638,983,Debit Card,291.96
1639,1945,Pix,664.59
1640,1190,Debit Card,580.03
1641,894,Boleto,522.26
1642,1889,Pix,659.1
1643,729,Pix,565.14
1644,725,Pix,916.87
1645,1999,Debit Card,521.13
1646,924,Credit Card,238.8
1647,1823,Debit Card,444.34
1648,26,Debit Card,671.91
1649,1874,Credit Card,889.6
1650,431,Credit Card,455.68
1651,222,Debit Card,794.78
1652,1771,Credit Card,567.43
1653,1962,Debit Card,55.15
1654,290,Pix,621.12
1655,932,Pix,343.31
1656,72,Credit Card,952.35
1657,413,Pix,400.78
1658,529,Debit Card,541.8
1659,1813,Credit Card,448.47
1660,1302,Pix,93.4
1661,1948,Boleto,572.15
1662,504,Pix,825.67
1663,1207,Pix,683.45
1664,195,Debit Card,311.0
1665,172,Boleto,145.57
1666,39,Debit Card,181.39
1667,1168,Credit Card,895.92
1668,846,Credit Card,618.58
1669,295,Pix,600.91
1670,298,Pix,664.78
1671,641,Boleto,329.97
1672,736,Pix,784.61
1673,130,Pix,225.17
1674,1000,Boleto,609.55
1675,1136,Credit Card,603.28
1676,11,Credit Card,895.25
1677,1329,Debit Card,233.06
1678,1374,Boleto,632.35
1679,1243,Boleto,924.43
1680,1091,Pix,271.61
1681,234,Pix,535.53
1682,837,Credit Card,257.84
1683,1236,Credit Card,976.05
1684,413,Pix,99.48
1685,765,Pix,228.87
1686,1691,Credit Card,293.29
1687,725,Debit Card,924.9
1688,828,Pix,547.14
1689,1603,Debit Card,669.03
1690,1347,Debit Card,345.29
1691,636,Pix,581.25
1692,486,Credit Card,431.1
1693,179,Debit Card,872.42
1694,946,Debit Card,110.02
1695,1053,Boleto,411.68
1696,1308,Pix,160.11
1697,1510,Boleto,314.45
1698,1962,Debit Card,414.73
1699,1462,Pix,136.41
1700,1157,Credit Card,847.63
1701,129,Debit Card,27.15
1702,1275,Credit Card,435.67
1703,493,Boleto,522.8
1704,807,Debit Card,133.96
1705,1581,Boleto,964.02
1706,1989,Debit Card,923.14
1707,65,Pix,379.66
1708,369,Boleto,825.26
1709,1766,Boleto,674.52
1710,1792,Credit Card,396.87
1711,97,Credit Card,486.91
1712,1447,Pix,222.08
1713,1946,Pix,278.17
1714,281,Debit Card,445.41
1715,1075,Credit Card,416.77
1716,1825,Debit Card,180.56
1717,1591,Boleto,295.85
1718,254,Credit Card,732.05
1719,1385,Pix,659.71
1720,517,Pix,177.6
1721,573,Credit Card,307.65
1722,1942,Debit Card,142.91
1723,234,Boleto,731.15
1724,1831,Pix,694.5
1725,47,Debit Card,676.37
1726,567,Debit Card,318.97
1727,1300,Pix,962.91
1728,1159,Credit Card,373.6
1729,1538,Pix,977.39
1730,714,Debit Card,535.45
1731,934,Pix,347.7
1732,1782,Boleto,501.55
1733,670,Boleto,694.64
1734,951,Credit Card,399.89
1735,1948,Boleto,801.5
1736,1917,Pix,679.76
1737,316,Boleto,833.44
1738,578,Pix,510.76
1739,377,Debit Card,664.07
1740,1413,Credit Card,629.63
1741,584,Debit Card,748.44
1742,1484,Debit Card,847.45
1743,552,Credit Card,540.64
1744,1810,Debit Card,611.28
1745,33,Credit Card,461.03
1746,544,Credit Card,41.44
1747,684,Pix,742.88
1748,666,Debit Card,187.67
1749,519,Pix,888.73
1750,114,Debit Card,571.52
1751,274,Debit Card,95.33
1752,1684,Debit Card,581.49
1753,1369,Debit Card,841.14
1754,1673,Pix,481.13
1755,1512,Pix,400.43
1756,848,Debit Card,995.59
1757,1011,Boleto,826.36
1758,356,Boleto,171.64
1759,1099,Credit Card,778.09
1760,12,Pix,632.06
1761,573,Credit Card,28.2
1762,594,Debit Card,171.24
1763,1318,Boleto,472.65
1764,1099,Credit Card,568.03
1765,602,Boleto,72.37
1766,1133,Boleto,525.83
1767,1283,Pix,106.27
1768,1103,Boleto,517.64
1769,1666,Credit Card,329.03
1770,1604,Debit Card,156.48
1771,1816,Credit Card,975.84
1772,1842,Pix,759.25
1773,995,Boleto,746.9
1774,691,Pix,566.21
1775,1012,Pix,570.06
1776,677,Pix,228.25
1777,905,Credit Card,100.31
1778,543,Debit Card,472.31
1779,181,Boleto,925.57
1780,1693,Debit Card,126.22
1781,1865,Credit Card,238.1
1782,338,Boleto,206.51
1783,637,Credit Card,814.92
1784,1992,Credit Card,782.68
1785,731,Boleto,242.9
1786,1214,Pix,539.22
1787,142,Pix,885.13
1788,1261,Debit Card,198.44
1789,988,Boleto,172.95
1790,764,Pix,212.75
1791,825,Boleto,366.04
1792,1780,Pix,758.94
1793,1139,Debit Card,946.68
1794,1964,Credit Card,670.8
1795,177,Credit Card,450.15
1796,143,Boleto,35.22
1797,1748,Boleto,369.93
1798,1079,Boleto,289.15
1799,331,Boleto,35.1
1800,927,Debit Card,339.14
1801,900,Pix,70.35
1802,564,Pix,340.44
1803,1141,Boleto,864.19
1804,375,Credit Card,45.78
1805,93,Pix,427.27
1806,1429,Boleto,540.25
1807,302,Pix,194.61
1808,1354,Boleto,157.13
1809,1887,Pix,79.17
1810,1125,Boleto,440.36
1811,351,Boleto,208.87
1812,373,Credit Card,241.7
1813,1383,Debit Card,630.7
1814,604,Credit Card,30.87
1815,680,Boleto,587.84
1816,435,Credit Card,385.02
1817,1403,Boleto,835.7
1818,1974,Debit Card,954.16
1819,1581,Pix,187.58
1820,1434,Credit Card,178.87
1821,1985,Credit Card,875.03
1822,1212,Pix,309.26
1823,232,Debit Card,509.2
1824,1606,Boleto,626.41
1825,344,Pix,560.78
1826,126,Pix,84.4
1827,1413,Debit Card,593.57
1828,39,Debit Card,898.53
1829,1456,Pix,200.58
1830,243,Credit Card,724.86
1831,990,Debit Card,883.94
1832,728,Pix,814.67
1833,253,Boleto,177.42
1834,453,Credit Card,973.55
1835,1148,Debit Card,859.41
1836,1255,Debit Card,190.3
1837,1638,Debit Card,503.43
1838,1380,Boleto,623.27
1839,234,Boleto,659.81
1840,880,Credit Card,277.64
1841,600,Debit Card,717.88
1842,614,Boleto,577.66
1843,859,Pix,540.87
1844,1215,Credit Card,895.91
1845,19,Credit Card,409.2
1846,1497,Debit Card,462.91
1847,1434,Credit Card,194.06
1848,1075,Credit Card,284.09
1849,1738,Debit Card,624.14
1850,1900,Credit Card,346.29
1851,776,Pix,75.86
1852,1077,Credit Card,455.43
1853,889,Credit Card,667.61
1854,1947,Debit Card,594.28
1855,473,Debit Card,552.46
1856,199,Debit Card,654.93
1857,475,Pix,77.88
1858,855,Credit Card,586.63
1859,706,Pix,403.17
1860,674,Pix,268.53
1861,1825,Boleto,514.67
1862,1018,Credit Card,896.03
1863,916,Credit Card,464.07
1864,404,Boleto,81.48
1865,751,Credit Card,187.01
1866,1382,Credit Card,933.48
1867,1441,Credit Card,558.73
1868,724,Debit Card,725.96
1869,469,Pix,189.72
1870,1892,Credit Card,268.74
1871,1184,Pix,451.26
1872,1650,Debit Card,256.47
1873,1560,Debit Card,842.72
1874,1666,Debit Card,766.74
1875,845,Debit Card,534.46
1876,1182,Pix,581.36
1877,1204,Pix,852.41
1878,76,Debit Card,468.11
1879,495,Debit Card,839.94
1880,530,Pix,698.11
1881,1961,Pix,592.73
1882,904,Boleto,506.05
1883,1241,Boleto,90.07
1884,1479,Debit Card,412.05
1885,270,Credit Card,80.26
1886,1370,Debit Card,85.45
1887,1407,Credit Card,112.37
1888,1832,Debit Card,70.23
1889,512,Boleto,69.13
1890,926,Credit Card,782.41
1891,472,Boleto,901.87
1892,195,Pix,935.5
1893,1239,Debit Card,737.23
1894,112,Boleto,166.06
1895,286,Boleto,186.08
1896,741,Pix,613.25
1897,1436,Pix,425.55
1898,309,Boleto,493.56
1899,1851,Pix,162.89
1900,871,Boleto,642.78
1901,1211,Credit Card,707.25
1902,1033,Boleto,993.12
1903,1905,Debit Card,271.06
1904,1482,Debit Card,158.3
1905,1996,Pix,488.62
1906,1177,Credit Card,186.4
1907,1109,Debit Card,634.28
1908,1794,Credit Card,434.47
1909,833,Boleto,389.26
1910,1295,Pix,738.11
1911,583,Credit Card,798.64
1912,484,Pix,321.87
1913,1666,Credit Card,677.52
1914,1017,Boleto,287.18
1915,230,Pix,534.21
1916,1681,Pix,670.16
1917,526,Credit Card,448.41
1918,1612,Debit Card,220.47
1919,743,Pix,501.6
1920,430,Debit Card,428.43
1921,1863,Boleto,104.58
1922,1820,Debit Card,176.44
1923,1577,Credit Card,481.82
1924,1492,Credit Card,818.78
1925,1367,Boleto,336.54
1926,1893,Credit Card,516.06
1927,1041,Pix,290.68
1928,727,Debit Card,617.33
1929,1153,Credit Card,227.59
1930,1167,Boleto,596.06
1931,1938,Debit Card,771.1
1932,1312,Debit Card,474.52
1933,710,Debit Card,989.75
1934,6,Credit Card,986.49
1935,2000,Credit Card,792.12
1936,2000,Boleto,342.14
1937,103,Boleto,442.35
1938,1214,Pix,162.56
1939,1995,Pix,284.67
1940,1590,Debit Card,641.3
1941,1766,Debit Card,363.53
1942,1996,Debit Card,926.02
1943,1166,Credit Card,654.52
1944,626,Debit Card,127.37
1945,1198,Credit Card,706.63
1946,1366,Debit Card,425.65
1947,1892,Pix,134.08
1948,666,Boleto,278.73
1949,187,Pix,894.52
1950,1827,Boleto,389.43
1951,1345,Credit Card,763.83
1952,1894,Pix,156.19
1953,685,Pix,321.37
1954,504,Pix,928.35
1955,651,Pix,986.79
1956,1808,Boleto,799.95
1957,202,Credit Card,491.12
1958,1779,Boleto,90.54
1959,1437,Credit Card,500.6
1960,233,Credit Card,519.37
1961,1886,Credit Card,606.39
1962,725,Pix,528.89
1963,679,Boleto,611.82
1964,1385,Debit Card,199.88
1965,1523,Credit Card,583.68
1966,1732,Pix,244.96
1967,399,Debit Card,212.24
1968,1494,Debit Card,926.04
1969,825,Debit Card,171.32
1970,1569,Boleto,684.13
1971,302,Boleto,956.17
1972,1987,Credit Card,34.86
1973,1374,Boleto,207.51
1974,990,Debit Card,754.32
1975,1491,Boleto,399.2
1976,326,Boleto,861.36
1977,925,Boleto,747.24
1978,747,Pix,543.09
1979,746,Pix,538.52
1980,1133,Pix,927.08
1981,1958,Debit Card,720.22
1982,120,Boleto,107.88
1983,1185,Credit Card,522.97
1984,1064,Pix,520.16
1985,1877,Debit Card,183.18
1986,1557,Pix,277.98
1987,636,Boleto,940.12
1988,1566,Debit Card,347.16
1989,1716,Pix,395.29
1990,993,Pix,558.43
1991,1196,Pix,152.07
1992,1546,Pix,661.95
1993,528,Pix,666.43
1994,214,Credit Card,561.28
1995,1609,Pix,46.11
1996,1986,Debit Card,900.76
1997,1248,Credit Card,40.3
1998,594,Pix,703.93
1999,927,Credit Card,144.42
2000,706,Boleto,157.56
